py313_loop	$PL/py/cpython-3.13-macos-aarch64-none/bin/python3.13 src/rosetta/code/python/count_tokens.py <input>
py314_loop	$WORK/venv314/bin/python src/rosetta/code/python/count_tokens.py <input>
py314t_loop	$PL/py/cpython-3.14+freethreaded-macos-aarch64-none/bin/python3.14t src/rosetta/code/python/count_tokens.py <input>
py313_re	env PYTHONPATH=src/bench/py:$WORK/build/ext $PL/py/cpython-3.13-macos-aarch64-none/bin/python3.13 src/bench/py/count_re.py <input>
py314_re	env PYTHONPATH=src/bench/py:$WORK/build/ext $WORK/venv314/bin/python src/bench/py/count_re.py <input>
py314_thr1	env PYTHONPATH=src/bench/py:$WORK/build/ext $WORK/venv314/bin/python src/bench/py/count_threads.py <input> 1
py314_thr4	env PYTHONPATH=src/bench/py:$WORK/build/ext $WORK/venv314/bin/python src/bench/py/count_threads.py <input> 4
py314t_thr1	env PYTHONPATH=src/bench/py:$WORK/build/ext $PL/py/cpython-3.14+freethreaded-macos-aarch64-none/bin/python3.14t src/bench/py/count_threads.py <input> 1
py314t_thr4	env PYTHONPATH=src/bench/py:$WORK/build/ext $PL/py/cpython-3.14+freethreaded-macos-aarch64-none/bin/python3.14t src/bench/py/count_threads.py <input> 4
py314t_thr8	env PYTHONPATH=src/bench/py:$WORK/build/ext $PL/py/cpython-3.14+freethreaded-macos-aarch64-none/bin/python3.14t src/bench/py/count_threads.py <input> 8
cpp_O2	$WORK/build/cpp_O2 <input>
cpp_O3	$WORK/build/cpp_O3 <input>
cpp23_O2	$WORK/build/cpp23_O2 <input>
cpp_simdjson	$WORK/build/cpp_simdjson <input>
rust	$WORK/build/rust_release <input>
node_js	node $WORK/build/ts_dist/count_tokens.js <input>
node_ts	node src/rosetta/code/ts/count_tokens.ts <input>
bun_ts	$PL/bin/bun src/rosetta/code/ts/count_tokens.ts <input>
pyrs_percall	env PYTHONPATH=src/bench/py:$WORK/build/ext $WORK/venv314/bin/python src/bench/py/count_ext.py rs percall <input>
pyrs_batch	env PYTHONPATH=src/bench/py:$WORK/build/ext $WORK/venv314/bin/python src/bench/py/count_ext.py rs batch <input>
pyrs_file	env PYTHONPATH=src/bench/py:$WORK/build/ext $WORK/venv314/bin/python src/bench/py/count_ext.py rs file <input>
pypb_percall	env PYTHONPATH=src/bench/py:$WORK/build/ext $WORK/venv314/bin/python src/bench/py/count_ext.py pb percall <input>
pypb_batch	env PYTHONPATH=src/bench/py:$WORK/build/ext $WORK/venv314/bin/python src/bench/py/count_ext.py pb batch <input>
pypb_file	env PYTHONPATH=src/bench/py:$WORK/build/ext $WORK/venv314/bin/python src/bench/py/count_ext.py pb file <input>
pynb_percall	env PYTHONPATH=src/bench/py:$WORK/build/ext $WORK/venv314/bin/python src/bench/py/count_ext.py nb percall <input>
pynb_batch	env PYTHONPATH=src/bench/py:$WORK/build/ext $WORK/venv314/bin/python src/bench/py/count_ext.py nb batch <input>
pynb_file	env PYTHONPATH=src/bench/py:$WORK/build/ext $WORK/venv314/bin/python src/bench/py/count_ext.py nb file <input>
pyrs_file4	env PYTHONPATH=src/bench/py:$WORK/build/ext $WORK/venv314/bin/python src/bench/py/count_ext.py rs file <input> 4
