py313_loop	1	18432000	8405424
py313_loop	2	18415616	8405448
py313_loop	3	18546688	8536520
py314_loop	1	19480576	8978888
py314_loop	2	19365888	8896968
py314_loop	3	19234816	8765896
py314t_loop	1	20824064	10846664
py314t_loop	2	20856832	10912248
py314t_loop	3	20840448	10895864
py313_re	1	18399232	8405472
py313_re	2	18317312	8307144
py313_re	3	18251776	8241608
py314_re	1	19136512	8733128
py314_re	2	18956288	8552904
py314_re	3	19185664	8782280
py314_thr1	1	87277568	76628448
py314_thr1	2	87228416	76612112
py314_thr1	3	87441408	76825104
py314_thr4	1	87621632	77038144
py314_thr4	2	87474176	76890688
py314_thr4	3	87506944	76923456
py314t_thr1	1	96649216	86573656
py314t_thr1	2	96714752	86622808
py314t_thr1	3	96665600	86540864
py314t_thr4	1	99614720	89653944
py314t_thr4	2	99663872	89703072
py314t_thr4	3	99647488	89686712
py314t_thr8	1	103546880	93684528
py314t_thr8	2	103546880	93684528
py314t_thr8	3	103579648	93733704
cpp_O2	1	1835008	1294672
cpp_O2	2	1835008	1294672
cpp_O2	3	1835008	1294672
cpp_O3	1	1818624	1278288
cpp_O3	2	1818624	1278288
cpp_O3	3	1818624	1278288
cpp23_O2	1	1835008	1294672
cpp23_O2	2	1835008	1294672
cpp23_O2	3	1835008	1294672
cpp_simdjson	1	1916928	1327440
cpp_simdjson	2	1916928	1327440
cpp_simdjson	3	1916928	1327440
rust	1	2523136	1737040
rust	2	2572288	1786192
rust	3	2506752	1720656
node_js	1	70893568	39213512
node_js	2	70959104	39295456
node_js	3	71696384	40032736
node_ts	1	94552064	60335320
node_ts	2	97157120	63170232
node_ts	3	97091584	62825760
bun_ts	1	63029248	40387208
bun_ts	2	62865408	41108104
bun_ts	3	63553536	41779848
pyrs_percall	1	19611648	8913352
pyrs_percall	2	19431424	8733128
pyrs_percall	3	19611648	8913352
pyrs_batch	1	97419264	86901264
pyrs_batch	2	96305152	85770744
pyrs_batch	3	96305152	85787152
pyrs_file	1	58802176	48054752
pyrs_file	2	58818560	48071136
pyrs_file	3	58687488	47940064
pypb_percall	1	19791872	9159136
pypb_percall	2	19529728	8880584
pypb_percall	3	19546112	8896968
pypb_batch	1	105627648	95158800
pypb_batch	2	106364928	95879672
pypb_batch	3	106233856	95748600
pypb_file	1	19496960	8864200
pypb_file	2	19464192	8831432
pypb_file	3	19578880	8946120
pynb_percall	1	19578880	8978888
pynb_percall	2	19562496	8962504
pynb_percall	3	19611648	9011656
pynb_batch	1	97288192	86852088
pynb_batch	2	96387072	85950968
pynb_batch	3	97566720	87163432
pynb_file	1	19578880	8946120
pynb_file	2	19742720	9109960
pynb_file	3	19480576	8847816
pyrs_file4	1	59408384	48693728
pyrs_file4	2	59326464	48562680
pyrs_file4	3	59293696	48562680
