#,Type,TypeName,Model,Elo [⬆️],Elo 95% CI,Score [⬆️],Rank [⬇️],Harmonic Rank [⬇️],Improvability (%) [⬇️],Median Train Time (s/1K) [⬇️],Median Predict Time (s/1K) [⬇️],Verified,Imputed (%) [⬇️],Imputed,Hardware,MethodClass,Tags,Commercial,License
0,🧠🔁,Neural Network,RealMLP (tuned + ensembled),1321.0,+126/-105,0.675,5.62,3.23,2.835,341.02,1.424,✔️,0.0,False,GPU,model,,True,Apache-2.0
1,🌳,Tree-based,LightGBM (tuned + ensembled),1228.0,+117/-85,0.55,7.79,3.74,4.188,47.06,2.665,✔️,0.0,False,CPU,model,,True,MIT
2,🧠🔁,Neural Network,RealMLP (tuned),1221.0,+110/-90,0.593,7.98,3.61,3.433,341.02,0.216,✔️,0.0,False,GPU,model,,True,Apache-2.0
3,🧠🔁,Neural Network,TabM (tuned + ensembled),1209.0,+93/-80,0.502,8.3,5.4,4.826,281.74,3.38,✔️,0.0,False,GPU,model,,True,Apache-2.0
4,🌳,Tree-based,CatBoost (tuned + ensembled),1207.0,+102/-90,0.535,8.35,4.21,4.711,217.52,0.442,✔️,0.0,False,CPU,model,,True,Apache-2.0
5,🧠⚡,Foundation Model,TabPFN-3.5 (default),1198.0,+172/-112,0.563,8.61,2.13,5.392,16.01,17.696,➖,0.0,False,GPU,model,,False,TabPFN-3.5 License v1.0 (non-commercial)
6,🌳,Tree-based,XGBoost (tuned + ensembled),1196.0,+120/-75,0.526,8.65,5.04,4.502,134.59,1.286,✔️,0.0,False,CPU,model,,True,Apache-2.0
7,🌳,Tree-based,CatBoost (tuned),1192.0,+108/-93,0.521,8.75,6.25,4.681,217.52,0.072,✔️,0.0,False,CPU,model,,True,Apache-2.0
8,🌳,Tree-based,LightGBM (tuned),1176.0,+102/-70,0.479,9.2,6.17,5.051,47.06,0.665,✔️,0.0,False,CPU,model,,True,MIT
9,🌳,Tree-based,XGBoost (tuned),1130.0,+97/-70,0.449,10.51,6.8,4.701,134.59,0.192,✔️,0.0,False,CPU,model,,True,Apache-2.0
10,🧠🔁,Neural Network,TabM (tuned),1116.0,+85/-72,0.395,10.92,6.68,5.865,281.74,0.501,✔️,0.0,False,GPU,model,,True,Apache-2.0
11,🌳,Tree-based,CatBoost (default),1102.0,+98/-84,0.407,11.32,7.92,5.631,7.97,0.043,✔️,0.0,False,CPU,model,,True,Apache-2.0
12,🧠⚡,Foundation Model,TabPFN-3.5-Fast (default),1074.0,+144/-108,0.405,12.18,4.21,7.214,3.66,3.666,➖,0.0,False,GPU,model,,False,TabPFN-3.5 License v1.0 (non-commercial)
13,🧠⚡,Foundation Model,Causilo (default),1020.0,+97/-100,0.211,13.81,9.51,7.946,5.2,2.87,➖,0.0,False,GPU,model,,False,Causilo License v1.0 (non-commercial weights)
14,🌳,Tree-based,XGBoost (default),1000.0,+70/-68,0.241,14.42,13.18,7.339,1.23,0.171,✔️,0.0,False,CPU,model,,True,Apache-2.0
15,🧠🔁,Neural Network,TabM (default),993.0,+68/-76,0.194,14.62,11.71,7.342,9.55,0.44,✔️,0.0,False,GPU,model,,True,Apache-2.0
16,🧠🔁,Neural Network,RealMLP (default),986.0,+91/-73,0.174,14.84,10.69,6.575,13.48,0.217,✔️,0.0,False,GPU,model,,True,Apache-2.0
17,🌳,Tree-based,LightGBM (default),947.0,+67/-54,0.152,16.02,14.27,7.981,0.57,0.11,✔️,0.0,False,CPU,model,,True,MIT
18,🧠⚡,Foundation Model,TabPFN-3 (default),922.0,+86/-109,0.123,16.78,10.29,10.099,16.99,10.739,✔️,0.0,False,GPU,model,,False,TabPFN-3 License v1.0 (non-commercial)
19,🌳,Tree-based,RandomForest (tuned + ensembled),738.0,+76/-109,0.017,22.03,19.75,14.231,47.6,0.233,✔️,0.0,False,CPU,model,,True,BSD-3-Clause
20,🌳,Tree-based,ExtraTrees (tuned + ensembled),733.0,+62/-106,0.009,22.16,20.0,14.158,18.41,0.507,✔️,0.0,False,CPU,model,,True,BSD-3-Clause
21,🧠⚡,Foundation Model,TabICLv2 (default),718.0,+96/-131,0.011,22.57,18.59,15.031,7.3,3.581,✔️,0.0,False,GPU,model,,True,BSD-3-Clause
22,🧠⚡,Foundation Model,TabPFN-2.6 (default) [94.55% IMPUTED],706.0,+94/-148,0.043,22.86,17.78,15.699,2.98,0.115,✔️,94.55,True,GPU,model,,False,TabPFN-2.6 License v1.0 (non-commercial)
23,🌳,Tree-based,RandomForest (tuned),697.0,+83/-116,0.018,23.09,20.47,15.058,47.6,0.068,✔️,0.0,False,CPU,model,,True,BSD-3-Clause
24,🌳,Tree-based,RandomForest (default),674.0,+72/-116,0.0,23.67,22.35,15.921,2.57,0.115,✔️,0.0,False,CPU,model,,True,BSD-3-Clause
25,🌳,Tree-based,ExtraTrees (tuned),670.0,+86/-146,0.021,23.77,21.49,15.336,18.41,0.064,✔️,0.0,False,CPU,model,,True,BSD-3-Clause
26,🧠⚡,Foundation Model,TabDPT (default) [94.55% IMPUTED],656.0,+58/-99,0.0,24.11,22.78,16.19,2.98,0.115,✔️,94.55,True,GPU,model,,True,Apache-2.0
27,📏,Baseline,Linear (tuned + ensembled),648.0,+100/-155,0.016,24.31,21.17,20.049,382.11,0.451,✔️,0.0,False,CPU,model,,True,BSD-3-Clause
28,📏,Baseline,Linear (tuned),593.0,+114/-150,0.016,25.55,21.4,21.283,382.11,0.085,✔️,0.0,False,CPU,model,,True,BSD-3-Clause
29,🌳,Tree-based,ExtraTrees (default),573.0,+96/-118,0.001,25.99,22.71,17.57,0.87,0.137,✔️,0.0,False,CPU,model,,True,BSD-3-Clause
30,📏,Baseline,Linear (default),508.0,+107/-143,0.0,27.24,24.63,23.048,0.45,0.134,✔️,0.0,False,CPU,model,,True,BSD-3-Clause
