"Kernel Name","addConstDouble(int, double *, double, double *)",
"Address","Source","Warp Stall Sampling (All Samples)","Warp Stall Sampling (Not-issued Samples)","# Samples","Instructions Executed","Thread Instructions Executed","Predicated-On Thread Instructions Executed","Avg. Threads Executed","Avg. Predicated-On Threads Executed","Address Space","Access Operation","Access Size","L1 Tag Requests Global","L1 Conflicts Shared N-Way","L2 Theoretical Sectors Global Excessive","L2 Theoretical Sectors Global","L2 Theoretical Sectors Global Ideal","L2 Explicit Evict Policies","L2 Explicit Hit Policy Evict First","L2 Explicit Hit Policy Evict Last","L2 Explicit Hit Policy Evict Normal","L2 Explicit Hit Policy Evict Normal Demote","L2 Explicit Miss Policy Evict First","L2 Explicit Miss Policy Evict Normal","stall_barrier","stall_branch_resolving","stall_dispatch","stall_drain","stall_imc","stall_lg","stall_long_sb","stall_math","stall_membar","stall_mio","stall_misc","stall_no_inst","stall_not_selected","stall_selected","stall_short_sb","stall_sleep","stall_tex","stall_wait","stall_barrier (Not Issued)","stall_branch_resolving (Not Issued)","stall_dispatch (Not Issued)","stall_drain (Not Issued)","stall_imc (Not Issued)","stall_lg (Not Issued)","stall_long_sb (Not Issued)","stall_math (Not Issued)","stall_membar (Not Issued)","stall_mio (Not Issued)","stall_misc (Not Issued)","stall_no_inst (Not Issued)","stall_not_selected (Not Issued)","stall_selected (Not Issued)","stall_short_sb (Not Issued)","stall_sleeping (Not Issued)","stall_tex (Not Issued)","stall_wait (Not Issued)"
"0x7f3f6525d200","      MOV R1, c[0x0][0x28]","33","30","33","98304","3145728","3145728","32","32","-","-","-","0","0","0","0","0","-","0","0","0","0","0","0","0","0","0","0","20","0","0","0","0","0","0","13","0","0","0","0","0","0","0","0","0","0","17","0","0","0","0","0","0","13","0","0","0","0","0","0"
"0x7f3f6525d210","      S2R R6, SR_CTAID.X","4","1","4","98304","3145728","3145728","32","32","-","-","-","0","0","0","0","0","-","0","0","0","0","0","0","0","0","0","0","0","0","0","0","0","0","0","0","0","3","0","0","0","1","0","0","0","0","0","0","0","0","0","0","0","0","0","0","0","0","0","1"
"0x7f3f6525d220","      S2R R3, SR_TID.X","8","6","8","98304","3145728","3145728","32","32","-","-","-","0","0","0","0","0","-","0","0","0","0","0","0","0","0","0","0","0","0","0","0","0","0","0","0","0","2","0","0","0","6","0","0","0","0","0","0","0","0","0","0","0","0","0","0","0","0","0","6"
"0x7f3f6525d230","      IMAD R6, R6, c[0x0][0x0], R3","65","52","65","98304","3145728","3145728","32","32","-","-","-","0","0","0","0","0","-","0","0","0","0","0","0","0","0","0","0","0","0","0","0","0","0","0","0","0","2","60","0","0","3","0","0","0","0","0","0","0","0","0","0","0","0","0","0","49","0","0","3"
"0x7f3f6525d240","      ISETP.GE.AND P0, PT, R6, c[0x0][0x160], PT","18","15","18","98304","3145728","3145728","32","32","-","-","-","0","0","0","0","0","-","0","0","0","0","0","0","0","0","0","0","0","0","0","0","0","0","0","0","0","2","0","0","0","16","0","0","0","0","0","0","0","0","0","0","0","0","0","0","0","0","0","15"
"0x7f3f6525d250","@P0   EXIT","30","19","30","98304","3145728","0","32","0","-","-","-","0","0","0","0","0","-","0","0","0","0","0","0","0","0","0","0","0","0","0","0","0","0","0","0","0","3","0","0","0","27","0","0","0","0","0","0","0","0","0","0","0","0","0","0","0","0","0","19"
"0x7f3f6525d260","      MOV R7, 0x8","14","12","14","98304","3145728","3145728","32","32","-","-","-","0","0","0","0","0","-","0","0","0","0","0","0","0","0","0","0","0","0","0","0","0","0","0","0","0","1","0","0","0","13","0","0","0","0","0","0","0","0","0","0","0","0","0","0","0","0","0","12"
"0x7f3f6525d270","      ULDC.64 UR4, c[0x0][0x118]","32","26","32","98304","3145728","3145728","32","32","-","-","-","0","0","0","0","0","-","0","0","0","0","0","0","0","0","3","0","20","0","0","0","0","0","0","6","0","3","0","0","0","0","0","0","0","0","20","0","0","0","0","0","0","6","0","0","0","0","0","0"
"0x7f3f6525d280","      IMAD.WIDE R2, R6, R7, c[0x0][0x168]","12","7","12","98304","3145728","3145728","32","32","-","-","-","0","0","0","0","0","-","0","0","0","0","0","0","0","0","0","0","0","0","0","0","0","0","0","1","1","1","0","0","0","9","0","0","0","0","0","0","0","0","0","0","0","1","0","0","0","0","0","6"
"0x7f3f6525d290","      LDG.E.64 R2, [R2.64]","29","9","29","98304","3145728","3145728","32","32","Global","Load","64","196608","0","0","786432","786432","","0","0","0","0","0","0","0","0","0","0","0","0","0","0","0","0","0","0","5","4","0","0","0","20","0","0","0","0","0","0","0","0","0","0","0","0","0","0","0","0","0","9"
"0x7f3f6525d2a0","      IMAD.WIDE R6, R6, R7, c[0x0][0x178]","3","0","3","98304","3145728","3145728","32","32","-","-","-","0","0","0","0","0","-","0","0","0","0","0","0","0","0","0","0","0","0","0","0","0","0","0","0","0","3","0","0","0","0","0","0","0","0","0","0","0","0","0","0","0","0","0","0","0","0","0","0"
"0x7f3f6525d2b0","      DADD R4, R2, c[0x0][0x170]","4344","4078","4344","98304","3145728","3145728","32","32","-","-","-","0","0","0","0","0","-","0","0","0","0","0","0","0","0","0","0","0","0","4341","0","0","0","0","0","0","3","0","0","0","0","0","0","0","0","0","0","4078","0","0","0","0","0","0","0","0","0","0","0"
"0x7f3f6525d2c0","      STG.E.64 [R6.64], R4","210","192","210","98304","3145728","3145728","32","32","Global","Store","64","196608","0","0","786432","786432","","0","0","0","0","0","0","0","0","0","0","0","0","0","0","0","0","0","0","0","3","195","0","0","12","0","0","0","0","0","0","0","0","0","0","0","0","0","0","181","0","0","11"
"0x7f3f6525d2d0","      EXIT","2","0","2","98304","3145728","3145728","32","32","-","-","-","0","0","0","0","0","-","0","0","0","0","0","0","0","0","1","0","0","0","0","0","0","0","0","0","0","1","0","0","0","0","0","0","0","0","0","0","0","0","0","0","0","0","0","0","0","0","0","0"
"0x7f3f6525d2e0","      BRA `(.L_x_0) 0x7f3f6525d2e0","143","131","143","0","0","0","0","0","-","-","-","0","0","0","0","0","-","0","0","0","0","0","0","0","26","0","102","0","0","0","0","0","0","0","0","0","1","0","0","0","14","0","25","0","94","0","0","0","0","0","0","0","0","0","0","0","0","0","12"
"0x7f3f6525d2f0","      NOP","0","0","0","0","0","0","0","0","-","-","-","0","0","0","0","0","-","0","0","0","0","0","0","0","0","0","0","0","0","0","0","0","0","0","0","0","0","0","0","0","0","0","0","0","0","0","0","0","0","0","0","0","0","0","0","0","0","0","0"
"0x7f3f6525d300","      NOP","0","0","0","0","0","0","0","0","-","-","-","0","0","0","0","0","-","0","0","0","0","0","0","0","0","0","0","0","0","0","0","0","0","0","0","0","0","0","0","0","0","0","0","0","0","0","0","0","0","0","0","0","0","0","0","0","0","0","0"
"0x7f3f6525d310","      NOP","0","0","0","0","0","0","0","0","-","-","-","0","0","0","0","0","-","0","0","0","0","0","0","0","0","0","0","0","0","0","0","0","0","0","0","0","0","0","0","0","0","0","0","0","0","0","0","0","0","0","0","0","0","0","0","0","0","0","0"
"0x7f3f6525d320","      NOP","0","0","0","0","0","0","0","0","-","-","-","0","0","0","0","0","-","0","0","0","0","0","0","0","0","0","0","0","0","0","0","0","0","0","0","0","0","0","0","0","0","0","0","0","0","0","0","0","0","0","0","0","0","0","0","0","0","0","0"
"0x7f3f6525d330","      NOP","0","0","0","0","0","0","0","0","-","-","-","0","0","0","0","0","-","0","0","0","0","0","0","0","0","0","0","0","0","0","0","0","0","0","0","0","0","0","0","0","0","0","0","0","0","0","0","0","0","0","0","0","0","0","0","0","0","0","0"
"0x7f3f6525d340","      NOP","0","0","0","0","0","0","0","0","-","-","-","0","0","0","0","0","-","0","0","0","0","0","0","0","0","0","0","0","0","0","0","0","0","0","0","0","0","0","0","0","0","0","0","0","0","0","0","0","0","0","0","0","0","0","0","0","0","0","0"
"0x7f3f6525d350","      NOP","0","0","0","0","0","0","0","0","-","-","-","0","0","0","0","0","-","0","0","0","0","0","0","0","0","0","0","0","0","0","0","0","0","0","0","0","0","0","0","0","0","0","0","0","0","0","0","0","0","0","0","0","0","0","0","0","0","0","0"
"0x7f3f6525d360","      NOP","0","0","0","0","0","0","0","0","-","-","-","0","0","0","0","0","-","0","0","0","0","0","0","0","0","0","0","0","0","0","0","0","0","0","0","0","0","0","0","0","0","0","0","0","0","0","0","0","0","0","0","0","0","0","0","0","0","0","0"
"0x7f3f6525d370","      NOP","0","0","0","0","0","0","0","0","-","-","-","0","0","0","0","0","-","0","0","0","0","0","0","0","0","0","0","0","0","0","0","0","0","0","0","0","0","0","0","0","0","0","0","0","0","0","0","0","0","0","0","0","0","0","0","0","0","0","0"
