"Kernel Name","addConstDouble3(int, double3 *, double, double3 *)",
"Address","Source","Warp Stall Sampling (All Samples)","Warp Stall Sampling (Not-issued Samples)","# Samples","Instructions Executed","Thread Instructions Executed","Predicated-On Thread Instructions Executed","Avg. Threads Executed","Avg. Predicated-On Threads Executed","Address Space","Access Operation","Access Size","L1 Tag Requests Global","L1 Conflicts Shared N-Way","L2 Theoretical Sectors Global Excessive","L2 Theoretical Sectors Global","L2 Theoretical Sectors Global Ideal","L2 Explicit Evict Policies","L2 Explicit Hit Policy Evict First","L2 Explicit Hit Policy Evict Last","L2 Explicit Hit Policy Evict Normal","L2 Explicit Hit Policy Evict Normal Demote","L2 Explicit Miss Policy Evict First","L2 Explicit Miss Policy Evict Normal","stall_barrier","stall_branch_resolving","stall_dispatch","stall_drain","stall_imc","stall_lg","stall_long_sb","stall_math","stall_membar","stall_mio","stall_misc","stall_no_inst","stall_not_selected","stall_selected","stall_short_sb","stall_sleep","stall_tex","stall_wait","stall_barrier (Not Issued)","stall_branch_resolving (Not Issued)","stall_dispatch (Not Issued)","stall_drain (Not Issued)","stall_imc (Not Issued)","stall_lg (Not Issued)","stall_long_sb (Not Issued)","stall_math (Not Issued)","stall_membar (Not Issued)","stall_mio (Not Issued)","stall_misc (Not Issued)","stall_no_inst (Not Issued)","stall_not_selected (Not Issued)","stall_selected (Not Issued)","stall_short_sb (Not Issued)","stall_sleeping (Not Issued)","stall_tex (Not Issued)","stall_wait (Not Issued)"
"0x7f14a325d200","      MOV R1, c[0x0][0x28]","40","36","40","32768","1048576","1048576","32","32","-","-","-","0","0","0","0","0","-","0","0","0","0","0","0","0","0","0","0","36","0","0","0","0","0","0","4","0","0","0","0","0","0","0","0","0","0","34","0","0","0","0","0","0","2","0","0","0","0","0","0"
"0x7f14a325d210","      S2R R10, SR_CTAID.X","2","0","2","32768","1048576","1048576","32","32","-","-","-","0","0","0","0","0","-","0","0","0","0","0","0","0","0","0","0","0","0","0","0","0","0","0","0","0","2","0","0","0","0","0","0","0","0","0","0","0","0","0","0","0","0","0","0","0","0","0","0"
"0x7f14a325d220","      S2R R3, SR_TID.X","155","154","155","32768","1048576","1048576","32","32","-","-","-","0","0","0","0","0","-","0","0","0","0","0","0","0","0","0","0","0","0","0","0","0","154","0","0","0","0","0","0","0","1","0","0","0","0","0","0","0","0","0","153","0","0","0","0","0","0","0","1"
"0x7f14a325d230","      IMAD R10, R10, c[0x0][0x0], R3","373","357","373","32768","1048576","1048576","32","32","-","-","-","0","0","0","0","0","-","0","0","0","0","0","0","0","0","0","0","0","0","0","0","0","0","0","0","0","2","371","0","0","0","0","0","0","0","0","0","0","0","0","0","0","0","0","0","357","0","0","0"
"0x7f14a325d240","      ISETP.GE.AND P0, PT, R10, c[0x0][0x160], PT","17","17","17","32768","1048576","1048576","32","32","-","-","-","0","0","0","0","0","-","0","0","0","0","0","0","0","0","0","0","16","0","0","0","0","0","0","0","0","0","0","0","0","1","0","0","0","0","16","0","0","0","0","0","0","0","0","0","0","0","0","1"
"0x7f14a325d250","@P0   EXIT","13","9","13","32768","1048576","0","32","0","-","-","-","0","0","0","0","0","-","0","0","0","0","0","0","0","0","0","0","0","0","0","0","0","0","0","0","0","1","0","0","0","12","0","0","0","0","0","0","0","0","0","0","0","0","0","0","0","0","0","9"
"0x7f14a325d260","      MOV R11, 0x18","9","6","9","32768","1048576","1048576","32","32","-","-","-","0","0","0","0","0","-","0","0","0","0","0","0","0","0","0","0","0","0","0","0","0","0","0","0","0","2","0","0","0","7","0","0","0","0","0","0","0","0","0","0","0","0","0","0","0","0","0","6"
"0x7f14a325d270","      ULDC.64 UR4, c[0x0][0x118]","0","0","0","32768","1048576","1048576","32","32","-","-","-","0","0","0","0","0","-","0","0","0","0","0","0","0","0","0","0","0","0","0","0","0","0","0","0","0","0","0","0","0","0","0","0","0","0","0","0","0","0","0","0","0","0","0","0","0","0","0","0"
"0x7f14a325d280","      IMAD.WIDE R2, R10, R11, c[0x0][0x168]","5","2","5","32768","1048576","1048576","32","32","-","-","-","0","0","0","0","0","-","0","0","0","0","0","0","0","0","0","0","0","0","0","0","0","0","0","0","0","1","0","0","0","4","0","0","0","0","0","0","0","0","0","0","0","0","0","0","0","0","0","2"
"0x7f14a325d290","      LDG.E.64 R4, [R2.64]","421","407","421","32768","1048576","1048576","32","32","Global","Load","64","196608","0","524288","786432","262144","","0","0","0","0","0","0","0","0","0","0","0","219","0","0","0","191","0","0","7","0","0","0","0","4","0","0","0","0","0","214","0","0","0","189","0","0","0","0","0","0","0","4"
"0x7f14a325d2a0","      LDG.E.64 R6, [R2.64+0x8]","102","92","102","32768","1048576","1048576","32","32","Global","Load","64","196608","0","524288","786432","262144","","0","0","0","0","0","0","0","0","0","0","0","54","0","0","0","39","0","0","2","4","0","0","0","3","0","0","0","0","0","52","0","0","0","38","0","0","0","0","0","0","0","2"
"0x7f14a325d2b0","      LDG.E.64 R8, [R2.64+0x10]","96","93","96","32768","1048576","1048576","32","32","Global","Load","64","196608","0","524288","786432","262144","","0","0","0","0","0","0","0","0","0","0","0","54","0","0","0","40","0","0","1","0","0","0","0","1","0","0","0","0","0","52","0","0","0","40","0","0","0","0","0","0","0","1"
"0x7f14a325d2c0","      IMAD.WIDE R10, R10, R11, c[0x0][0x178]","1","0","1","32768","1048576","1048576","32","32","-","-","-","0","0","0","0","0","-","0","0","0","0","0","0","0","0","0","0","0","0","0","0","0","0","0","0","0","1","0","0","0","0","0","0","0","0","0","0","0","0","0","0","0","0","0","0","0","0","0","0"
"0x7f14a325d2d0","      DADD R4, R4, c[0x0][0x170]","1537","1474","1537","32768","1048576","1048576","32","32","-","-","-","0","0","0","0","0","-","0","0","0","0","0","0","0","0","0","0","0","0","1459","0","0","0","0","0","2","1","0","0","75","0","0","0","0","0","0","0","1402","0","0","0","0","0","0","0","0","0","72","0"
"0x7f14a325d2e0","      DADD R6, R6, c[0x0][0x170]","47","46","47","32768","1048576","1048576","32","32","-","-","-","0","0","0","0","0","-","0","0","0","0","0","0","0","0","0","0","0","0","5","0","0","0","0","0","0","1","0","0","40","1","0","0","0","0","0","0","5","0","0","0","0","0","0","0","0","0","40","1"
"0x7f14a325d2f0","      STG.E.64 [R10.64], R4","435","431","435","32768","1048576","1048576","32","32","Global","Store","64","196608","0","524288","786432","262144","","0","0","0","0","0","0","0","0","0","0","0","205","0","0","0","106","0","0","1","0","121","0","0","2","0","0","0","0","0","204","0","0","0","106","0","0","0","0","119","0","0","2"
"0x7f14a325d300","      DADD R8, R8, c[0x0][0x170]","24","22","24","32768","1048576","1048576","32","32","-","-","-","0","0","0","0","0","-","0","0","0","0","0","0","0","0","0","0","0","0","2","0","0","0","0","0","0","1","0","0","21","0","0","0","0","0","0","0","1","0","0","0","0","0","0","0","0","0","21","0"
"0x7f14a325d310","      STG.E.64 [R10.64+0x8], R6","225","219","225","32768","1048576","1048576","32","32","Global","Store","64","196608","0","524288","786432","262144","","0","0","0","0","0","0","0","0","0","0","0","116","0","0","0","63","0","0","0","2","41","0","0","3","0","0","0","0","0","113","0","0","0","63","0","0","0","0","40","0","0","3"
"0x7f14a325d320","      STG.E.64 [R10.64+0x10], R8","202","194","202","32768","1048576","1048576","32","32","Global","Store","64","196608","0","524288","786432","262144","","0","0","0","0","0","0","0","0","0","0","0","83","0","0","0","25","0","0","0","1","92","0","0","1","0","0","0","0","0","80","0","0","0","25","0","0","0","0","88","0","0","1"
"0x7f14a325d330","      EXIT","4","0","4","32768","1048576","1048576","32","32","-","-","-","0","0","0","0","0","-","0","0","0","0","0","0","0","0","0","0","0","0","0","0","0","0","0","0","0","4","0","0","0","0","0","0","0","0","0","0","0","0","0","0","0","0","0","0","0","0","0","0"
"0x7f14a325d340","      BRA `(.L_x_0) 0x7f14a325d340","1187","1162","1187","0","0","0","0","0","-","-","-","0","0","0","0","0","-","0","0","0","0","0","0","0","14","0","1169","0","0","0","0","0","0","0","0","0","2","0","0","0","2","0","14","0","1146","0","0","0","0","0","0","0","0","0","0","0","0","0","2"
"0x7f14a325d350","      NOP","0","0","0","0","0","0","0","0","-","-","-","0","0","0","0","0","-","0","0","0","0","0","0","0","0","0","0","0","0","0","0","0","0","0","0","0","0","0","0","0","0","0","0","0","0","0","0","0","0","0","0","0","0","0","0","0","0","0","0"
"0x7f14a325d360","      NOP","0","0","0","0","0","0","0","0","-","-","-","0","0","0","0","0","-","0","0","0","0","0","0","0","0","0","0","0","0","0","0","0","0","0","0","0","0","0","0","0","0","0","0","0","0","0","0","0","0","0","0","0","0","0","0","0","0","0","0"
"0x7f14a325d370","      NOP","0","0","0","0","0","0","0","0","-","-","-","0","0","0","0","0","-","0","0","0","0","0","0","0","0","0","0","0","0","0","0","0","0","0","0","0","0","0","0","0","0","0","0","0","0","0","0","0","0","0","0","0","0","0","0","0","0","0","0"
"0x7f14a325d380","      NOP","0","0","0","0","0","0","0","0","-","-","-","0","0","0","0","0","-","0","0","0","0","0","0","0","0","0","0","0","0","0","0","0","0","0","0","0","0","0","0","0","0","0","0","0","0","0","0","0","0","0","0","0","0","0","0","0","0","0","0"
"0x7f14a325d390","      NOP","0","0","0","0","0","0","0","0","-","-","-","0","0","0","0","0","-","0","0","0","0","0","0","0","0","0","0","0","0","0","0","0","0","0","0","0","0","0","0","0","0","0","0","0","0","0","0","0","0","0","0","0","0","0","0","0","0","0","0"
"0x7f14a325d3a0","      NOP","0","0","0","0","0","0","0","0","-","-","-","0","0","0","0","0","-","0","0","0","0","0","0","0","0","0","0","0","0","0","0","0","0","0","0","0","0","0","0","0","0","0","0","0","0","0","0","0","0","0","0","0","0","0","0","0","0","0","0"
"0x7f14a325d3b0","      NOP","0","0","0","0","0","0","0","0","-","-","-","0","0","0","0","0","-","0","0","0","0","0","0","0","0","0","0","0","0","0","0","0","0","0","0","0","0","0","0","0","0","0","0","0","0","0","0","0","0","0","0","0","0","0","0","0","0","0","0"
"0x7f14a325d3c0","      NOP","0","0","0","0","0","0","0","0","-","-","-","0","0","0","0","0","-","0","0","0","0","0","0","0","0","0","0","0","0","0","0","0","0","0","0","0","0","0","0","0","0","0","0","0","0","0","0","0","0","0","0","0","0","0","0","0","0","0","0"
"0x7f14a325d3d0","      NOP","0","0","0","0","0","0","0","0","-","-","-","0","0","0","0","0","-","0","0","0","0","0","0","0","0","0","0","0","0","0","0","0","0","0","0","0","0","0","0","0","0","0","0","0","0","0","0","0","0","0","0","0","0","0","0","0","0","0","0"
"0x7f14a325d3e0","      NOP","0","0","0","0","0","0","0","0","-","-","-","0","0","0","0","0","-","0","0","0","0","0","0","0","0","0","0","0","0","0","0","0","0","0","0","0","0","0","0","0","0","0","0","0","0","0","0","0","0","0","0","0","0","0","0","0","0","0","0"
"0x7f14a325d3f0","      NOP","0","0","0","0","0","0","0","0","-","-","-","0","0","0","0","0","-","0","0","0","0","0","0","0","0","0","0","0","0","0","0","0","0","0","0","0","0","0","0","0","0","0","0","0","0","0","0","0","0","0","0","0","0","0","0","0","0","0","0"
