"Kernel Name","void Sobel<float>(uchar4 *, uchar4 *, int, int)",
"Address","Source","Warp Stall Sampling (All Samples)","Warp Stall Sampling (Not-issued Samples)","# Samples","Instructions Executed","Thread Instructions Executed","Predicated-On Thread Instructions Executed","Avg. Threads Executed","Avg. Predicated-On Threads Executed","Divergent Branches","Address Space","Access Operation","Access Size","L1 Tag Requests Global","L1 Conflicts Shared N-Way","L2 Theoretical Sectors Global Excessive","L2 Theoretical Sectors Global","L2 Theoretical Sectors Global Ideal","L2 Explicit Evict Policies","L2 Explicit Hit Policy Evict First","L2 Explicit Hit Policy Evict Last","L2 Explicit Hit Policy Evict Normal","L2 Explicit Hit Policy Evict Normal Demote","L2 Explicit Miss Policy Evict First","L2 Explicit Miss Policy Evict Normal","stall_barrier","stall_branch_resolving","stall_dispatch","stall_drain","stall_imc","stall_lg","stall_long_sb","stall_math","stall_membar","stall_mio","stall_misc","stall_no_inst","stall_not_selected","stall_selected","stall_short_sb","stall_sleep","stall_tex","stall_wait","stall_barrier (Not Issued)","stall_branch_resolving (Not Issued)","stall_dispatch (Not Issued)","stall_drain (Not Issued)","stall_imc (Not Issued)","stall_lg (Not Issued)","stall_long_sb (Not Issued)","stall_math (Not Issued)","stall_membar (Not Issued)","stall_mio (Not Issued)","stall_misc (Not Issued)","stall_no_inst (Not Issued)","stall_not_selected (Not Issued)","stall_selected (Not Issued)","stall_short_sb (Not Issued)","stall_sleeping (Not Issued)","stall_tex (Not Issued)","stall_wait (Not Issued)"
"0x7ff17525d200","      IMAD.MOV.U32 R1, RZ, RZ, c[0x0][0x28]","38","17","38","32768","1048576","1048576","32","32","0","-","-","-","0","0","0","0","0","-","0","0","0","0","0","0","0","0","1","0","10","0","0","5","0","0","0","10","12","0","0","0","0","0","0","0","0","0","10","0","0","0","0","0","0","7","0","0","0","0","0","0"
"0x7ff17525d210","      S2R R0, SR_CTAID.X","9","0","9","32768","1048576","1048576","32","32","0","-","-","-","0","0","0","0","0","-","0","0","0","0","0","0","0","0","0","0","0","0","0","0","0","0","0","0","9","0","0","0","0","0","0","0","0","0","0","0","0","0","0","0","0","0","0","0","0","0","0","0"
"0x7ff17525d220","      IMAD.MOV.U32 R14, RZ, RZ, c[0x0][0x170]","10","3","10","32768","1048576","1048576","32","32","0","-","-","-","0","0","0","0","0","-","0","0","0","0","0","0","0","0","0","0","10","0","0","0","0","0","0","0","0","0","0","0","0","0","0","0","0","0","3","0","0","0","0","0","0","0","0","0","0","0","0","0"
"0x7ff17525d230","      ULDC.64 UR4, c[0x0][0x118]","0","0","0","32768","1048576","1048576","32","32","0","-","-","-","0","0","0","0","0","-","0","0","0","0","0","0","0","0","0","0","0","0","0","0","0","0","0","0","0","0","0","0","0","0","0","0","0","0","0","0","0","0","0","0","0","0","0","0","0","0","0","0"
"0x7ff17525d240","      IMAD.MOV.U32 R17, RZ, RZ, 0x4","1","0","1","32768","1048576","1048576","32","32","0","-","-","-","0","0","0","0","0","-","0","0","0","0","0","0","0","0","0","0","0","0","0","0","0","0","0","0","0","1","0","0","0","0","0","0","0","0","0","0","0","0","0","0","0","0","0","0","0","0","0","0"
"0x7ff17525d250","      S2R R5, SR_CTAID.Y","0","0","0","32768","1048576","1048576","32","32","0","-","-","-","0","0","0","0","0","-","0","0","0","0","0","0","0","0","0","0","0","0","0","0","0","0","0","0","0","0","0","0","0","0","0","0","0","0","0","0","0","0","0","0","0","0","0","0","0","0","0","0"
"0x7ff17525d260","      S2R R2, SR_TID.Y","3","0","3","32768","1048576","1048576","32","32","0","-","-","-","0","0","0","0","0","-","0","0","0","0","0","0","0","0","0","0","0","0","0","0","0","0","0","0","0","0","0","0","0","3","0","0","0","0","0","0","0","0","0","0","0","0","0","0","0","0","0","0"
"0x7ff17525d270","      S2R R3, SR_TID.X","3","0","3","32768","1048576","1048576","32","32","0","-","-","-","0","0","0","0","0","-","0","0","0","0","0","0","0","0","0","0","0","0","0","0","0","0","0","0","0","1","0","0","0","2","0","0","0","0","0","0","0","0","0","0","0","0","0","0","0","0","0","0"
"0x7ff17525d280","      IMAD R5, R5, c[0x0][0x4], R2","31","1","31","32768","1048576","1048576","32","32","0","-","-","-","0","0","0","0","0","-","0","0","0","0","0","0","0","0","2","0","0","0","0","5","0","0","0","0","14","1","9","0","0","0","0","0","0","0","0","0","0","0","0","0","0","0","0","0","1","0","0","0"
"0x7ff17525d290","      IMAD R0, R0, c[0x0][0x0], R3","14","0","14","32768","1048576","1048576","32","32","0","-","-","-","0","0","0","0","0","-","0","0","0","0","0","0","0","0","0","0","0","0","0","1","0","0","0","0","8","0","5","0","0","0","0","0","0","0","0","0","0","0","0","0","0","0","0","0","0","0","0","0"
"0x7ff17525d2a0","      IADD3 R3, R5, -0x1, RZ","80","3","80","32768","1048576","1048576","32","32","0","-","-","-","0","0","0","0","0","-","0","0","0","0","0","0","0","0","8","0","0","0","0","18","0","0","0","0","54","0","0","0","0","0","0","0","1","0","0","0","0","2","0","0","0","0","0","0","0","0","0","0"
"0x7ff17525d2b0","      IMAD R11, R5, R14, -c[0x0][0x170]","1","0","1","32768","1048576","1048576","32","32","0","-","-","-","0","0","0","0","0","-","0","0","0","0","0","0","0","0","0","0","0","0","0","0","0","0","0","0","0","1","0","0","0","0","0","0","0","0","0","0","0","0","0","0","0","0","0","0","0","0","0","0"
"0x7ff17525d2c0","      IADD3 R2, R0, -0x1, RZ","0","0","0","32768","1048576","1048576","32","32","0","-","-","-","0","0","0","0","0","-","0","0","0","0","0","0","0","0","0","0","0","0","0","0","0","0","0","0","0","0","0","0","0","0","0","0","0","0","0","0","0","0","0","0","0","0","0","0","0","0","0","0"
"0x7ff17525d2d0","      IMAD.IADD R6, R0, 0x1, R11","20","1","20","32768","1048576","1048576","32","32","0","-","-","-","0","0","0","0","0","-","0","0","0","0","0","0","0","0","0","0","0","0","0","2","0","0","0","0","14","2","0","0","0","2","0","0","0","0","0","0","0","0","0","0","0","0","0","0","0","0","0","1"
"0x7ff17525d2e0","      ISETP.GT.AND P4, PT, R0, c[0x0][0x170], PT","0","0","0","32768","1048576","1048576","32","32","0","-","-","-","0","0","0","0","0","-","0","0","0","0","0","0","0","0","0","0","0","0","0","0","0","0","0","0","0","0","0","0","0","0","0","0","0","0","0","0","0","0","0","0","0","0","0","0","0","0","0","0"
"0x7ff17525d2f0","      LOP3.LUT R4, R2, R3, RZ, 0xfc, !PT","9","0","9","32768","1048576","1048576","32","32","0","-","-","-","0","0","0","0","0","-","0","0","0","0","0","0","0","0","0","0","0","0","0","2","0","0","0","0","4","3","0","0","0","0","0","0","0","0","0","0","0","0","0","0","0","0","0","0","0","0","0","0"
"0x7ff17525d300","      IMAD.WIDE R6, R6, R17, c[0x0][0x168]","3","0","3","32768","1048576","1048576","32","32","0","-","-","-","0","0","0","0","0","-","0","0","0","0","0","0","0","0","0","0","0","0","0","0","0","0","0","0","0","3","0","0","0","0","0","0","0","0","0","0","0","0","0","0","0","0","0","0","0","0","0","0"
"0x7ff17525d310","      ISETP.GE.AND P2, PT, R0, c[0x0][0x170], PT","5","0","5","32768","1048576","1048576","32","32","0","-","-","-","0","0","0","0","0","-","0","0","0","0","0","0","0","0","0","0","0","0","0","0","0","0","0","0","0","5","0","0","0","0","0","0","0","0","0","0","0","0","0","0","0","0","0","0","0","0","0","0"
"0x7ff17525d320","      ISETP.LT.OR P0, PT, R4, RZ, P4","7","0","7","32768","1048576","1048576","32","32","0","-","-","-","0","0","0","0","0","-","0","0","0","0","0","0","0","0","0","0","0","0","0","2","0","0","0","0","3","1","0","0","0","1","0","0","0","0","0","0","0","0","0","0","0","0","0","0","0","0","0","0"
"0x7ff17525d330","      LOP3.LUT R4, R0, R3, RZ, 0xfc, !PT","7","1","7","32768","1048576","1048576","32","32","0","-","-","-","0","0","0","0","0","-","0","0","0","0","0","0","0","0","2","0","0","0","0","2","0","0","0","0","2","0","0","0","0","1","0","0","0","0","0","0","0","1","0","0","0","0","0","0","0","0","0","0"
"0x7ff17525d340","      ISETP.GT.OR P0, PT, R5, c[0x0][0x174], P0","7","1","7","32768","1048576","1048576","32","32","0","-","-","-","0","0","0","0","0","-","0","0","0","0","0","0","0","0","0","0","0","0","0","2","0","0","0","0","3","1","0","0","0","1","0","0","0","0","0","0","0","1","0","0","0","0","0","0","0","0","0","0"
"0x7ff17525d350","      ISETP.LT.OR P3, PT, R4, RZ, P2","37","0","37","32768","1048576","1048576","32","32","0","-","-","-","0","0","0","0","0","-","0","0","0","0","0","0","0","0","2","0","0","0","0","8","0","0","0","0","27","0","0","0","0","0","0","0","0","0","0","0","0","0","0","0","0","0","0","0","0","0","0","0"
"0x7ff17525d360","      ISETP.GT.OR P3, PT, R5, c[0x0][0x174], P3","22","2","22","32768","1048576","1048576","32","32","0","-","-","-","0","0","0","0","0","-","0","0","0","0","0","0","0","0","0","0","0","0","0","10","0","0","0","0","10","1","0","0","0","1","0","0","0","0","0","0","0","1","0","0","0","0","0","0","0","0","0","1"
"0x7ff17525d370","@!P0  LDG.E.U8 R8, [R6.64+-0x4]","10","1","10","32768","1048576","1046529","32","31","0","Global","Load","8","96068","0","162625","195393","32768","","0","0","0","0","0","0","0","0","1","0","0","0","0","0","0","1","0","0","2","2","0","0","0","4","0","0","0","0","0","0","0","0","0","0","0","0","0","0","0","0","0","1"
"0x7ff17525d380","@!P3  LDG.E.U8 R10, [R6.64]","11","0","11","32768","1048576","1047552","32","31","0","Global","Load","8","65408","0","98176","130944","32768","","0","0","0","0","0","0","0","0","0","0","0","0","0","0","0","1","0","0","1","2","0","0","0","7","0","0","0","0","0","0","0","0","0","0","0","0","0","0","0","0","0","0"
"0x7ff17525d390","      IADD3 R12, R0, 0x1, RZ","0","0","0","32768","1048576","1048576","32","32","0","-","-","-","0","0","0","0","0","-","0","0","0","0","0","0","0","0","0","0","0","0","0","0","0","0","0","0","0","0","0","0","0","0","0","0","0","0","0","0","0","0","0","0","0","0","0","0","0","0","0","0"
"0x7ff17525d3a0","      LOP3.LUT R9, R0, R5, RZ, 0xfc, !PT","9","0","9","32768","1048576","1048576","32","32","0","-","-","-","0","0","0","0","0","-","0","0","0","0","0","0","0","0","1","0","0","0","0","1","0","0","0","0","3","3","0","0","0","1","0","0","0","0","0","0","0","0","0","0","0","0","0","0","0","0","0","0"
"0x7ff17525d3b0","      LOP3.LUT R4, R12, R3, RZ, 0xfc, !PT","2","0","2","32768","1048576","1048576","32","32","0","-","-","-","0","0","0","0","0","-","0","0","0","0","0","0","0","0","0","0","0","0","0","0","0","0","0","0","2","0","0","0","0","0","0","0","0","0","0","0","0","0","0","0","0","0","0","0","0","0","0","0"
"0x7ff17525d3c0","      IMAD.MOV.U32 R3, RZ, RZ, RZ","1","0","1","32768","1048576","1048576","32","32","0","-","-","-","0","0","0","0","0","-","0","0","0","0","0","0","0","0","0","0","0","0","0","0","0","0","0","0","0","1","0","0","0","0","0","0","0","0","0","0","0","0","0","0","0","0","0","0","0","0","0","0"
"0x7ff17525d3d0","      ISETP.GE.AND P1, PT, R12, c[0x0][0x170], PT","0","0","0","32768","1048576","1048576","32","32","0","-","-","-","0","0","0","0","0","-","0","0","0","0","0","0","0","0","0","0","0","0","0","0","0","0","0","0","0","0","0","0","0","0","0","0","0","0","0","0","0","0","0","0","0","0","0","0","0","0","0","0"
"0x7ff17525d3e0","      ISETP.LT.OR P5, PT, R9, RZ, P2","38","0","38","32768","1048576","1048576","32","32","0","-","-","-","0","0","0","0","0","-","0","0","0","0","0","0","0","0","0","0","0","0","0","5","0","0","0","0","31","0","0","0","0","2","0","0","0","0","0","0","0","0","0","0","0","0","0","0","0","0","0","0"
"0x7ff17525d3f0","      ISETP.LT.OR P6, PT, R4, RZ, P1","5","0","5","32768","1048576","1048576","32","32","0","-","-","-","0","0","0","0","0","-","0","0","0","0","0","0","0","0","0","0","0","0","0","1","0","0","0","0","3","1","0","0","0","0","0","0","0","0","0","0","0","0","0","0","0","0","0","0","0","0","0","0"
"0x7ff17525d400","      IMAD.MOV.U32 R4, RZ, RZ, RZ","2","0","2","32768","1048576","1048576","32","32","0","-","-","-","0","0","0","0","0","-","0","0","0","0","0","0","0","0","0","0","0","0","0","0","0","0","0","0","0","2","0","0","0","0","0","0","0","0","0","0","0","0","0","0","0","0","0","0","0","0","0","0"
"0x7ff17525d410","      LOP3.LUT R9, R2, R5, RZ, 0xfc, !PT","0","0","0","32768","1048576","1048576","32","32","0","-","-","-","0","0","0","0","0","-","0","0","0","0","0","0","0","0","0","0","0","0","0","0","0","0","0","0","0","0","0","0","0","0","0","0","0","0","0","0","0","0","0","0","0","0","0","0","0","0","0","0"
"0x7ff17525d420","      IADD3 R15, R5, 0x1, RZ","2","0","2","32768","1048576","1048576","32","32","0","-","-","-","0","0","0","0","0","-","0","0","0","0","0","0","0","0","0","0","0","0","0","0","0","0","0","0","1","1","0","0","0","0","0","0","0","0","0","0","0","0","0","0","0","0","0","0","0","0","0","0"
"0x7ff17525d430","      ISETP.GE.OR P5, PT, R5, c[0x0][0x174], P5","5","0","5","32768","1048576","1048576","32","32","0","-","-","-","0","0","0","0","0","-","0","0","0","0","0","0","0","0","0","0","0","0","0","0","0","0","0","0","2","2","0","0","0","1","0","0","0","0","0","0","0","0","0","0","0","0","0","0","0","0","0","0"
"0x7ff17525d440","      LOP3.LUT R2, R2, R15, RZ, 0xfc, !PT","5","1","5","32768","1048576","1048576","32","32","0","-","-","-","0","0","0","0","0","-","0","0","0","0","0","0","0","0","0","0","0","0","0","0","0","0","0","0","1","2","0","0","0","2","0","0","0","0","0","0","0","0","0","0","0","0","0","0","0","0","0","1"
"0x7ff17525d450","      IMAD R11, R14, 0x2, R11","0","0","0","32768","1048576","1048576","32","32","0","-","-","-","0","0","0","0","0","-","0","0","0","0","0","0","0","0","0","0","0","0","0","0","0","0","0","0","0","0","0","0","0","0","0","0","0","0","0","0","0","0","0","0","0","0","0","0","0","0","0","0"
"0x7ff17525d460","      IMAD.IADD R11, R0, 0x1, R11","10","0","10","32768","1048576","1048576","32","32","0","-","-","-","0","0","0","0","0","-","0","0","0","0","0","0","0","0","1","0","0","0","0","2","0","0","0","0","7","0","0","0","0","0","0","0","0","0","0","0","0","0","0","0","0","0","0","0","0","0","0","0"
"0x7ff17525d470","@!P0  I2F.U16 R3, R8","294","33","294","32768","1048576","1046529","32","31","0","-","-","-","0","0","0","0","0","-","0","0","0","0","0","0","0","0","0","0","0","0","274","0","0","8","0","0","12","0","0","0","0","0","0","0","0","0","0","0","32","0","0","1","0","0","0","0","0","0","0","0"
"0x7ff17525d480","      ISETP.GT.OR P0, PT, R5, c[0x0][0x174], P6","1","0","1","32768","1048576","1048576","32","32","0","-","-","-","0","0","0","0","0","-","0","0","0","0","0","0","0","0","0","0","0","0","0","0","0","0","0","0","0","1","0","0","0","0","0","0","0","0","0","0","0","0","0","0","0","0","0","0","0","0","0","0"
"0x7ff17525d490","      ISETP.LT.OR P6, PT, R9, RZ, P4","4","0","4","32768","1048576","1048576","32","32","0","-","-","-","0","0","0","0","0","-","0","0","0","0","0","0","0","0","0","0","0","0","0","1","0","0","0","0","1","1","0","0","0","1","0","0","0","0","0","0","0","0","0","0","0","0","0","0","0","0","0","0"
"0x7ff17525d4a0","      LOP3.LUT R9, R12, R5, RZ, 0xfc, !PT","5","1","5","32768","1048576","1048576","32","32","0","-","-","-","0","0","0","0","0","-","0","0","0","0","0","0","0","0","0","0","0","0","0","1","0","0","0","0","0","2","0","0","0","2","0","0","0","0","0","0","0","0","0","0","0","0","0","0","0","0","0","1"
"0x7ff17525d4b0","      ISETP.LT.OR P4, PT, R2, RZ, P4","6","1","6","32768","1048576","1048576","32","32","0","-","-","-","0","0","0","0","0","-","0","0","0","0","0","0","0","0","0","0","0","0","0","2","0","0","0","0","3","0","0","0","0","1","0","0","0","0","0","0","0","1","0","0","0","0","0","0","0","0","0","0"
"0x7ff17525d4c0","@!P3  I2F.U16 R4, R10","7","0","7","32768","1048576","1047552","32","31","0","-","-","-","0","0","0","0","0","-","0","0","0","0","0","0","0","0","1","0","0","0","0","0","0","1","0","0","3","2","0","0","0","0","0","0","0","0","0","0","0","0","0","0","0","0","0","0","0","0","0","0"
"0x7ff17525d4d0","      ISETP.GE.OR P3, PT, R5, c[0x0][0x174], P6","3","0","3","32768","1048576","1048576","32","32","0","-","-","-","0","0","0","0","0","-","0","0","0","0","0","0","0","0","0","0","0","0","0","0","0","0","0","0","0","3","0","0","0","0","0","0","0","0","0","0","0","0","0","0","0","0","0","0","0","0","0","0"
"0x7ff17525d4e0","      IMAD R2, R5, c[0x0][0x170], R0","2","0","2","32768","1048576","1048576","32","32","0","-","-","-","0","0","0","0","0","-","0","0","0","0","0","0","0","0","0","0","0","0","0","0","0","0","0","0","0","2","0","0","0","0","0","0","0","0","0","0","0","0","0","0","0","0","0","0","0","0","0","0"
"0x7ff17525d4f0","      ISETP.LT.OR P6, PT, R9, RZ, P1","1","0","1","32768","1048576","1048576","32","32","0","-","-","-","0","0","0","0","0","-","0","0","0","0","0","0","0","0","0","0","0","0","0","0","0","0","0","0","0","1","0","0","0","0","0","0","0","0","0","0","0","0","0","0","0","0","0","0","0","0","0","0"
"0x7ff17525d500","@!P0  LDG.E.U8 R13, [R6.64+0x4]","5","1","5","32768","1048576","1046529","32","31","0","Global","Load","8","97090","0","162625","195393","32768","","0","0","0","0","0","0","0","0","0","0","0","0","0","0","0","0","0","0","3","1","0","0","0","1","0","0","0","0","0","0","0","0","0","0","0","0","0","0","0","0","0","1"
"0x7ff17525d510","      ISETP.GE.OR P6, PT, R5, c[0x0][0x174], P6","0","0","0","32768","1048576","1048576","32","32","0","-","-","-","0","0","0","0","0","-","0","0","0","0","0","0","0","0","0","0","0","0","0","0","0","0","0","0","0","0","0","0","0","0","0","0","0","0","0","0","0","0","0","0","0","0","0","0","0","0","0","0"
"0x7ff17525d520","      LOP3.LUT R5, R0, R15, RZ, 0xfc, !PT","6","1","6","32768","1048576","1048576","32","32","0","-","-","-","0","0","0","0","0","-","0","0","0","0","0","0","0","0","1","0","0","0","0","1","0","0","0","0","2","1","0","0","0","1","0","0","1","0","0","0","0","0","0","0","0","0","0","0","0","0","0","0"
"0x7ff17525d530","      IMAD.WIDE R8, R2, R17, c[0x0][0x168]","1","0","1","32768","1048576","1048576","32","32","0","-","-","-","0","0","0","0","0","-","0","0","0","0","0","0","0","0","0","0","0","0","0","0","0","0","0","0","0","1","0","0","0","0","0","0","0","0","0","0","0","0","0","0","0","0","0","0","0","0","0","0"
"0x7ff17525d540","      LOP3.LUT R10, R12, R15, RZ, 0xfc, !PT","5","1","5","32768","1048576","1048576","32","32","0","-","-","-","0","0","0","0","0","-","0","0","0","0","0","0","0","0","1","0","0","0","0","1","0","0","0","0","3","0","0","0","0","0","0","0","1","0","0","0","0","0","0","0","0","0","0","0","0","0","0","0"
"0x7ff17525d550","      ISETP.LT.OR P2, PT, R5, RZ, P2","1","0","1","32768","1048576","1048576","32","32","0","-","-","-","0","0","0","0","0","-","0","0","0","0","0","0","0","0","0","0","0","0","0","1","0","0","0","0","0","0","0","0","0","0","0","0","0","0","0","0","0","0","0","0","0","0","0","0","0","0","0","0"
"0x7ff17525d560","      ISETP.GE.OR P4, PT, R15, c[0x0][0x174], P4","3","0","3","32768","1048576","1048576","32","32","0","-","-","-","0","0","0","0","0","-","0","0","0","0","0","0","0","0","1","0","0","0","0","0","0","0","0","0","0","2","0","0","0","0","0","0","0","0","0","0","0","0","0","0","0","0","0","0","0","0","0","0"
"0x7ff17525d570","@!P3  LDG.E.U8 R12, [R8.64+-0x4]","1","0","1","32768","1048576","1047552","32","31","0","Global","Load","8","96256","0","162816","195584","32768","","0","0","0","0","0","0","0","0","0","0","0","0","0","0","0","0","0","0","0","1","0","0","0","0","0","0","0","0","0","0","0","0","0","0","0","0","0","0","0","0","0","0"
"0x7ff17525d580","      ISETP.LT.OR P1, PT, R10, RZ, P1","2","0","2","32768","1048576","1048576","32","32","0","-","-","-","0","0","0","0","0","-","0","0","0","0","0","0","0","0","1","0","0","0","0","0","0","0","0","0","0","1","0","0","0","0","0","0","0","0","0","0","0","0","0","0","0","0","0","0","0","0","0","0"
"0x7ff17525d590","      ISETP.GE.OR P2, PT, R15, c[0x0][0x174], P2","19","1","19","32768","1048576","1048576","32","32","0","-","-","-","0","0","0","0","0","-","0","0","0","0","0","0","0","0","1","0","0","0","0","6","0","0","0","0","12","0","0","0","0","0","0","0","0","0","0","0","0","1","0","0","0","0","0","0","0","0","0","0"
"0x7ff17525d5a0","@!P5  LDG.E.U8 R14, [R8.64]","0","0","0","32768","1048576","1048576","32","32","0","Global","Load","8","65536","0","98304","131072","32768","","0","0","0","0","0","0","0","0","0","0","0","0","0","0","0","0","0","0","0","0","0","0","0","0","0","0","0","0","0","0","0","0","0","0","0","0","0","0","0","0","0","0"
"0x7ff17525d5b0","      ISETP.GE.OR P1, PT, R15, c[0x0][0x174], P1","1","0","1","32768","1048576","1048576","32","32","0","-","-","-","0","0","0","0","0","-","0","0","0","0","0","0","0","0","0","0","0","0","0","0","0","0","0","0","0","1","0","0","0","0","0","0","0","0","0","0","0","0","0","0","0","0","0","0","0","0","0","0"
"0x7ff17525d5c0","      IMAD.WIDE R6, R11, R17, c[0x0][0x168]","1","0","1","32768","1048576","1048576","32","32","0","-","-","-","0","0","0","0","0","-","0","0","0","0","0","0","0","0","0","0","0","0","0","0","0","0","0","0","0","1","0","0","0","0","0","0","0","0","0","0","0","0","0","0","0","0","0","0","0","0","0","0"
"0x7ff17525d5d0","@!P6  LDG.E.U8 R16, [R8.64+0x4]","3","0","3","32768","1048576","1047552","32","31","0","Global","Load","8","97280","0","162816","195584","32768","","0","0","0","0","0","0","0","0","0","0","0","0","0","0","0","0","0","0","2","0","0","0","0","1","0","0","0","0","0","0","0","0","0","0","0","0","0","0","0","0","0","0"
"0x7ff17525d5e0","@!P4  LDG.E.U8 R17, [R6.64+-0x4]","6","0","6","32768","1048576","1046529","32","31","0","Global","Load","8","96162","0","162625","195393","32768","","0","0","0","0","0","0","0","0","0","0","0","0","0","0","0","0","0","0","2","2","0","0","0","2","0","0","0","0","0","0","0","0","0","0","0","0","0","0","0","0","0","0"
"0x7ff17525d5f0","@!P2  LDG.E.U8 R18, [R6.64]","10","0","10","32768","1048576","1047552","32","31","0","Global","Load","8","65472","0","98176","130944","32768","","0","0","0","0","0","0","0","0","0","0","0","2","0","0","0","0","0","0","2","2","0","0","0","4","0","0","0","0","0","0","0","0","0","0","0","0","0","0","0","0","0","0"
"0x7ff17525d600","@!P1  LDG.E.U8 R19, [R6.64+0x4]","3","0","3","32768","1048576","1046529","32","31","0","Global","Load","8","97185","0","162625","195393","32768","","0","0","0","0","0","0","0","0","0","0","0","0","0","0","0","0","0","0","2","0","0","0","0","1","0","0","0","0","0","0","0","0","0","0","0","0","0","0","0","0","0","0"
"0x7ff17525d610","      CS2R R10, SRZ","0","0","0","32768","1048576","1048576","32","32","0","-","-","-","0","0","0","0","0","-","0","0","0","0","0","0","0","0","0","0","0","0","0","0","0","0","0","0","0","0","0","0","0","0","0","0","0","0","0","0","0","0","0","0","0","0","0","0","0","0","0","0"
"0x7ff17525d620","      IMAD.MOV.U32 R15, RZ, RZ, RZ","1","0","1","32768","1048576","1048576","32","32","0","-","-","-","0","0","0","0","0","-","0","0","0","0","0","0","0","0","0","0","0","0","0","0","0","0","0","0","0","1","0","0","0","0","0","0","0","0","0","0","0","0","0","0","0","0","0","0","0","0","0","0"
"0x7ff17525d630","      IMAD.MOV.U32 R8, RZ, RZ, RZ","4","0","4","32768","1048576","1048576","32","32","0","-","-","-","0","0","0","0","0","-","0","0","0","0","0","0","0","0","0","0","0","0","0","0","0","0","0","0","4","0","0","0","0","0","0","0","0","0","0","0","0","0","0","0","0","0","0","0","0","0","0","0"
"0x7ff17525d640","      IMAD.MOV.U32 R5, RZ, RZ, RZ","2","0","2","32768","1048576","1048576","32","32","0","-","-","-","0","0","0","0","0","-","0","0","0","0","0","0","0","0","0","0","0","0","0","1","0","0","0","0","1","0","0","0","0","0","0","0","0","0","0","0","0","0","0","0","0","0","0","0","0","0","0","0"
"0x7ff17525d650","      FFMA R7, R4, 2, R3","8","1","8","32768","1048576","1048576","32","32","0","-","-","-","0","0","0","0","0","-","0","0","0","0","0","0","0","0","0","0","0","0","6","0","0","0","0","0","1","1","0","0","0","0","0","0","0","0","0","0","1","0","0","0","0","0","0","0","0","0","0","0"
"0x7ff17525d660","      IMAD.MOV.U32 R6, RZ, RZ, RZ","1","0","1","32768","1048576","1048576","32","32","0","-","-","-","0","0","0","0","0","-","0","0","0","0","0","0","0","0","0","0","0","0","0","0","0","0","0","0","0","1","0","0","0","0","0","0","0","0","0","0","0","0","0","0","0","0","0","0","0","0","0","0"
"0x7ff17525d670","      FFMA R3, RZ, R4, R3","2","0","2","32768","1048576","1048576","32","32","0","-","-","-","0","0","0","0","0","-","0","0","0","0","0","0","0","0","0","0","0","0","0","0","0","0","0","0","0","2","0","0","0","0","0","0","0","0","0","0","0","0","0","0","0","0","0","0","0","0","0","0"
"0x7ff17525d680","      IMAD.MOV.U32 R4, RZ, RZ, -0x80000000","1","0","1","32768","1048576","1048576","32","32","0","-","-","-","0","0","0","0","0","-","0","0","0","0","0","0","0","0","0","0","0","0","0","0","0","0","0","0","0","1","0","0","0","0","0","0","0","0","0","0","0","0","0","0","0","0","0","0","0","0","0","0"
"0x7ff17525d690","      BSSY B0, 0x7ff17525d900","0","0","0","32768","1048576","1048576","32","32","0","-","-","-","0","0","0","0","0","-","0","0","0","0","0","0","0","0","0","0","0","0","0","0","0","0","0","0","0","0","0","0","0","0","0","0","0","0","0","0","0","0","0","0","0","0","0","0","0","0","0","0"
"0x7ff17525d6a0","@!P0  I2F.U16 R10, R13","80","6","80","32768","1048576","1046529","32","31","0","-","-","-","0","0","0","0","0","-","0","0","0","0","0","0","0","0","1","0","0","0","71","0","0","1","0","0","6","1","0","0","0","0","0","0","0","0","0","0","6","0","0","0","0","0","0","0","0","0","0","0"
"0x7ff17525d6b0","@!P3  I2F.U16 R11, R12","17","0","17","32768","1048576","1047552","32","31","0","-","-","-","0","0","0","0","0","-","0","0","0","0","0","0","0","0","0","0","0","0","9","0","0","0","0","0","3","0","0","0","0","5","0","0","0","0","0","0","0","0","0","0","0","0","0","0","0","0","0","0"
"0x7ff17525d6c0","@!P5  I2F.U16 R14, R14","9","0","9","32768","1048576","1048576","32","32","0","-","-","-","0","0","0","0","0","-","0","0","0","0","0","0","0","0","0","0","0","0","0","0","0","2","0","0","3","1","0","0","0","3","0","0","0","0","0","0","0","0","0","0","0","0","0","0","0","0","0","0"
"0x7ff17525d6d0","      FADD R0, R7, R10","0","0","0","32768","1048576","1048576","32","32","0","-","-","-","0","0","0","0","0","-","0","0","0","0","0","0","0","0","0","0","0","0","0","0","0","0","0","0","0","0","0","0","0","0","0","0","0","0","0","0","0","0","0","0","0","0","0","0","0","0","0","0"
"0x7ff17525d6e0","@!P6  I2F.U16 R15, R16","20","2","20","32768","1048576","1047552","32","31","0","-","-","-","0","0","0","0","0","-","0","0","0","0","0","0","0","0","1","0","0","0","12","0","0","2","0","0","2","0","0","0","0","3","0","0","0","0","0","0","2","0","0","0","0","0","0","0","0","0","0","0"
"0x7ff17525d6f0","      FFMA R7, RZ, R11, R0","2","0","2","32768","1048576","1048576","32","32","0","-","-","-","0","0","0","0","0","-","0","0","0","0","0","0","0","0","1","0","0","0","0","0","0","0","0","0","0","1","0","0","0","0","0","0","0","0","0","0","0","0","0","0","0","0","0","0","0","0","0","0"
"0x7ff17525d700","@!P4  I2F.U16 R8, R17","9","0","9","32768","1048576","1046529","32","31","0","-","-","-","0","0","0","0","0","-","0","0","0","0","0","0","0","0","0","0","0","0","0","0","0","0","0","0","2","3","0","0","0","4","0","0","0","0","0","0","0","0","0","0","0","0","0","0","0","0","0","0"
"0x7ff17525d710","@!P5  FMUL R6, RZ, R14","0","0","0","32768","1048576","1048576","32","32","0","-","-","-","0","0","0","0","0","-","0","0","0","0","0","0","0","0","0","0","0","0","0","0","0","0","0","0","0","0","0","0","0","0","0","0","0","0","0","0","0","0","0","0","0","0","0","0","0","0","0","0"
"0x7ff17525d720","@!P2  I2F.U16 R5, R18","10","1","10","32768","1048576","1047552","32","31","0","-","-","-","0","0","0","0","0","-","0","0","0","0","0","0","0","0","0","0","0","0","0","0","0","3","0","0","2","1","0","0","0","4","0","0","0","0","0","0","0","0","0","1","0","0","0","0","0","0","0","0"
"0x7ff17525d730","      FADD R0, R7, R6","2","0","2","32768","1048576","1048576","32","32","0","-","-","-","0","0","0","0","0","-","0","0","0","0","0","0","0","0","0","0","0","0","0","0","0","0","0","0","0","2","0","0","0","0","0","0","0","0","0","0","0","0","0","0","0","0","0","0","0","0","0","0"
"0x7ff17525d740","@!P1  I2F.U16 R19, R19","11","1","11","32768","1048576","1046529","32","31","0","-","-","-","0","0","0","0","0","-","0","0","0","0","0","0","0","0","1","0","0","0","0","0","0","2","0","0","3","1","0","0","0","4","0","0","0","0","0","0","0","0","0","0","0","0","0","0","0","0","0","1"
"0x7ff17525d750","      FADD R12, R3, -R10","1","0","1","32768","1048576","1048576","32","32","0","-","-","-","0","0","0","0","0","-","0","0","0","0","0","0","0","0","0","0","0","0","0","0","0","0","0","0","0","1","0","0","0","0","0","0","0","0","0","0","0","0","0","0","0","0","0","0","0","0","0","0"
"0x7ff17525d760","      FFMA R3, RZ, R15, R0","1","0","1","32768","1048576","1048576","32","32","0","-","-","-","0","0","0","0","0","-","0","0","0","0","0","0","0","0","0","0","0","0","0","0","0","0","0","0","0","1","0","0","0","0","0","0","0","0","0","0","0","0","0","0","0","0","0","0","0","0","0","0"
"0x7ff17525d770","      FADD R3, R3, -R8","8","1","8","32768","1048576","1048576","32","32","0","-","-","-","0","0","0","0","0","-","0","0","0","0","0","0","0","0","0","0","0","0","0","0","0","0","0","0","4","0","0","0","0","4","0","0","0","0","0","0","0","0","0","0","0","0","0","0","0","0","0","1"
"0x7ff17525d780","      FADD R0, R5, R5","1","0","1","32768","1048576","1048576","32","32","0","-","-","-","0","0","0","0","0","-","0","0","0","0","0","0","0","0","0","0","0","0","0","0","0","0","0","0","0","1","0","0","0","0","0","0","0","0","0","0","0","0","0","0","0","0","0","0","0","0","0","0"
"0x7ff17525d790","      FADD R3, R3, -R0","2","0","2","32768","1048576","1048576","32","32","0","-","-","-","0","0","0","0","0","-","0","0","0","0","0","0","0","0","0","0","0","0","0","0","0","0","0","0","1","0","0","0","0","1","0","0","0","0","0","0","0","0","0","0","0","0","0","0","0","0","0","0"
"0x7ff17525d7a0","@!P1  FADD R4, -R19, -RZ","4","1","4","32768","1048576","1046529","32","31","0","-","-","-","0","0","0","0","0","-","0","0","0","0","0","0","0","0","0","0","0","0","0","0","0","0","0","0","0","1","3","0","0","0","0","0","0","0","0","0","0","0","0","0","0","0","0","0","1","0","0","0"
"0x7ff17525d7b0","      IMAD.MOV.U32 R7, RZ, RZ, 0x3de38e39","2","0","2","32768","1048576","1048576","32","32","0","-","-","-","0","0","0","0","0","-","0","0","0","0","0","0","0","0","0","0","0","0","0","0","0","0","0","0","1","1","0","0","0","0","0","0","0","0","0","0","0","0","0","0","0","0","0","0","0","0","0","0"
"0x7ff17525d7c0","      IMAD.MOV.U32 R10, RZ, RZ, 0x41100000","1","0","1","32768","1048576","1048576","32","32","0","-","-","-","0","0","0","0","0","-","0","0","0","0","0","0","0","0","0","0","0","0","0","0","0","0","0","0","1","0","0","0","0","0","0","0","0","0","0","0","0","0","0","0","0","0","0","0","0","0","0","0"
"0x7ff17525d7d0","      FADD R3, R3, R4","1","0","1","32768","1048576","1048576","32","32","0","-","-","-","0","0","0","0","0","-","0","0","0","0","0","0","0","0","0","0","0","0","0","0","0","0","0","0","0","1","0","0","0","0","0","0","0","0","0","0","0","0","0","0","0","0","0","0","0","0","0","0"
"0x7ff17525d7e0","      FFMA R11, R11, 2, R12","0","0","0","32768","1048576","1048576","32","32","0","-","-","-","0","0","0","0","0","-","0","0","0","0","0","0","0","0","0","0","0","0","0","0","0","0","0","0","0","0","0","0","0","0","0","0","0","0","0","0","0","0","0","0","0","0","0","0","0","0","0","0"
"0x7ff17525d7f0","      FFMA R0, R7, -R10, 1","1","0","1","32768","1048576","1048576","32","32","0","-","-","-","0","0","0","0","0","-","0","0","0","0","0","0","0","0","0","0","0","0","0","0","0","0","0","0","0","1","0","0","0","0","0","0","0","0","0","0","0","0","0","0","0","0","0","0","0","0","0","0"
"0x7ff17525d800","      FCHK P0, R3, 9","0","0","0","32768","1048576","1048576","32","32","0","-","-","-","0","0","0","0","0","-","0","0","0","0","0","0","0","0","0","0","0","0","0","0","0","0","0","0","0","0","0","0","0","0","0","0","0","0","0","0","0","0","0","0","0","0","0","0","0","0","0","0"
"0x7ff17525d810","      FADD R10, R11, R6","1","0","1","32768","1048576","1048576","32","32","0","-","-","-","0","0","0","0","0","-","0","0","0","0","0","0","0","0","0","0","0","0","0","0","0","0","0","0","0","1","0","0","0","0","0","0","0","0","0","0","0","0","0","0","0","0","0","0","0","0","0","0"
"0x7ff17525d820","      FADD R15, R15, R15","0","0","0","32768","1048576","1048576","32","32","0","-","-","-","0","0","0","0","0","-","0","0","0","0","0","0","0","0","0","0","0","0","0","0","0","0","0","0","0","0","0","0","0","0","0","0","0","0","0","0","0","0","0","0","0","0","0","0","0","0","0","0"
"0x7ff17525d830","      FFMA R6, R0, R7, 0.11111111193895339966","0","0","0","32768","1048576","1048576","32","32","0","-","-","-","0","0","0","0","0","-","0","0","0","0","0","0","0","0","0","0","0","0","0","0","0","0","0","0","0","0","0","0","0","0","0","0","0","0","0","0","0","0","0","0","0","0","0","0","0","0","0","0"
"0x7ff17525d840","      FADD R15, R10, -R15","3","0","3","32768","1048576","1048576","32","32","0","-","-","-","0","0","0","0","0","-","0","0","0","0","0","0","0","0","0","0","0","0","0","0","0","0","0","0","3","0","0","0","0","0","0","0","0","0","0","0","0","0","0","0","0","0","0","0","0","0","0","0"
"0x7ff17525d850","      FFMA R9, R3, R6, RZ","0","0","0","32768","1048576","1048576","32","32","0","-","-","-","0","0","0","0","0","-","0","0","0","0","0","0","0","0","0","0","0","0","0","0","0","0","0","0","0","0","0","0","0","0","0","0","0","0","0","0","0","0","0","0","0","0","0","0","0","0","0","0"
"0x7ff17525d860","      FADD R0, R15, R8","5","0","5","32768","1048576","1048576","32","32","0","-","-","-","0","0","0","0","0","-","0","0","0","0","0","0","0","0","0","0","0","0","0","0","0","0","0","0","3","1","0","0","0","1","0","0","0","0","0","0","0","0","0","0","0","0","0","0","0","0","0","0"
"0x7ff17525d870","      FFMA R8, R9, -9, R3","2","0","2","32768","1048576","1048576","32","32","0","-","-","-","0","0","0","0","0","-","0","0","0","0","0","0","0","0","0","0","0","0","0","0","0","0","0","0","0","2","0","0","0","0","0","0","0","0","0","0","0","0","0","0","0","0","0","0","0","0","0","0"
"0x7ff17525d880","      FFMA R7, RZ, R5, R0","2","0","2","32768","1048576","1048576","32","32","0","-","-","-","0","0","0","0","0","-","0","0","0","0","0","0","0","0","1","0","0","0","0","0","0","0","0","0","1","0","0","0","0","0","0","0","0","0","0","0","0","0","0","0","0","0","0","0","0","0","0","0"
"0x7ff17525d890","      FFMA R5, R6, R8, R9","0","0","0","32768","1048576","1048576","32","32","0","-","-","-","0","0","0","0","0","-","0","0","0","0","0","0","0","0","0","0","0","0","0","0","0","0","0","0","0","0","0","0","0","0","0","0","0","0","0","0","0","0","0","0","0","0","0","0","0","0","0","0"
"0x7ff17525d8a0","      IMAD.MOV.U32 R6, RZ, RZ, 0x41100000","2","0","2","32768","1048576","1048576","32","32","0","-","-","-","0","0","0","0","0","-","0","0","0","0","0","0","0","0","0","0","0","0","0","1","0","0","0","0","0","1","0","0","0","0","0","0","0","0","0","0","0","0","0","0","0","0","0","0","0","0","0","0"
"0x7ff17525d8b0","@!P0  BRA 0x7ff17525d8f0","3","1","3","32768","1048576","2048","32","0","128","-","-","-","0","0","0","0","0","-","0","0","0","0","0","0","0","0","0","0","0","0","0","0","0","0","0","0","1","0","2","0","0","0","0","0","0","0","0","0","0","0","0","0","0","0","0","0","1","0","0","0"
"0x7ff17525d8c0","      MOV R8, 0x6e0","6","1","6","32768","1046528","1046528","31","31","0","-","-","-","0","0","0","0","0","-","0","0","0","0","0","0","0","0","0","0","0","0","0","1","0","0","0","0","0","2","0","0","0","3","0","0","0","0","0","0","0","1","0","0","0","0","0","0","0","0","0","0"
"0x7ff17525d8d0","      CALL.REL.NOINC 0x7ff17525da80","3","0","3","32768","1046528","1046528","31","31","0","-","-","-","0","0","0","0","0","-","0","0","0","0","0","0","0","0","1","0","0","0","0","0","0","0","0","0","0","0","0","0","0","2","0","0","0","0","0","0","0","0","0","0","0","0","0","0","0","0","0","0"
"0x7ff17525d8e0","      IMAD.MOV.U32 R5, RZ, RZ, R3","10","2","10","32768","1046528","1046528","31","31","0","-","-","-","0","0","0","0","0","-","0","0","0","0","0","0","0","2","0","0","0","0","0","1","0","0","0","3","0","0","0","0","0","4","0","1","0","0","0","0","0","0","0","0","0","0","0","0","0","0","0","1"
"0x7ff17525d8f0","      BSYNC B0","6","0","6","32896","1048576","1048576","31","31","0","-","-","-","0","0","0","0","0","-","0","0","0","0","0","0","0","0","1","0","0","0","0","0","0","0","0","0","3","2","0","0","0","0","0","0","0","0","0","0","0","0","0","0","0","0","0","0","0","0","0","0"
"0x7ff17525d900","      FADD R8, R7, R4","23","4","23","32768","1048576","1048576","32","32","0","-","-","-","0","0","0","0","0","-","0","0","0","0","0","0","0","13","0","0","0","0","0","0","0","0","0","0","1","1","0","0","0","8","0","1","0","0","0","0","0","0","0","0","0","0","0","0","0","0","0","3"
"0x7ff17525d910","      IMAD.MOV.U32 R0, RZ, RZ, 0x3de38e39","4","0","4","32768","1048576","1048576","32","32","0","-","-","-","0","0","0","0","0","-","0","0","0","0","0","0","0","0","0","0","0","0","0","0","0","0","0","0","0","4","0","0","0","0","0","0","0","0","0","0","0","0","0","0","0","0","0","0","0","0","0","0"
"0x7ff17525d920","      BSSY B0, 0x7ff17525da00","2","0","2","32768","1048576","1048576","32","32","0","-","-","-","0","0","0","0","0","-","0","0","0","0","0","0","0","0","0","0","0","0","0","0","0","0","0","0","0","2","0","0","0","0","0","0","0","0","0","0","0","0","0","0","0","0","0","0","0","0","0","0"
"0x7ff17525d930","      IMAD.MOV.U32 R3, RZ, RZ, 0x41100000","2","0","2","32768","1048576","1048576","32","32","0","-","-","-","0","0","0","0","0","-","0","0","0","0","0","0","0","0","0","0","0","0","0","0","0","0","0","0","0","2","0","0","0","0","0","0","0","0","0","0","0","0","0","0","0","0","0","0","0","0","0","0"
"0x7ff17525d940","      FCHK P0, R8, 9","1","1","1","32768","1048576","1048576","32","32","0","-","-","-","0","0","0","0","0","-","0","0","0","0","0","0","0","0","0","0","0","0","0","0","0","1","0","0","0","0","0","0","0","0","0","0","0","0","0","0","0","0","0","1","0","0","0","0","0","0","0","0"
"0x7ff17525d950","      FFMA R3, R0, -R3, 1","6","0","6","32768","1048576","1048576","32","32","0","-","-","-","0","0","0","0","0","-","0","0","0","0","0","0","0","0","0","0","0","0","0","0","0","0","0","0","3","3","0","0","0","0","0","0","0","0","0","0","0","0","0","0","0","0","0","0","0","0","0","0"
"0x7ff17525d960","      FFMA R0, R3, R0, 0.11111111193895339966","7","0","7","32768","1048576","1048576","32","32","0","-","-","-","0","0","0","0","0","-","0","0","0","0","0","0","0","0","0","0","0","0","0","0","0","0","0","0","2","0","0","0","0","5","0","0","0","0","0","0","0","0","0","0","0","0","0","0","0","0","0","0"
"0x7ff17525d970","      FFMA R3, R0, R8, RZ","5","0","5","32768","1048576","1048576","32","32","0","-","-","-","0","0","0","0","0","-","0","0","0","0","0","0","0","0","0","0","0","0","0","0","0","0","0","0","1","2","0","0","0","2","0","0","0","0","0","0","0","0","0","0","0","0","0","0","0","0","0","0"
"0x7ff17525d980","      FFMA R4, R3, -9, R8","5","0","5","32768","1048576","1048576","32","32","0","-","-","-","0","0","0","0","0","-","0","0","0","0","0","0","0","0","0","0","0","0","0","0","0","0","0","0","3","0","0","0","0","2","0","0","0","0","0","0","0","0","0","0","0","0","0","0","0","0","0","0"
"0x7ff17525d990","      FFMA R0, R0, R4, R3","5","0","5","32768","1048576","1048576","32","32","0","-","-","-","0","0","0","0","0","-","0","0","0","0","0","0","0","0","1","0","0","0","0","0","0","0","0","0","1","0","0","0","0","3","0","0","0","0","0","0","0","0","0","0","0","0","0","0","0","0","0","0"
"0x7ff17525d9a0","@!P0  BRA 0x7ff17525d9f0","1","1","1","32768","1048576","1048576","32","32","0","-","-","-","0","0","0","0","0","-","0","0","0","0","0","0","0","0","0","0","0","0","0","0","0","0","0","0","0","0","1","0","0","0","0","0","0","0","0","0","0","0","0","0","0","0","0","0","1","0","0","0"
"0x7ff17525d9b0","      IMAD.MOV.U32 R3, RZ, RZ, R8","4","2","4","0","0","0","0","0","0","-","-","-","0","0","0","0","0","-","0","0","0","0","0","0","0","0","0","0","0","0","0","0","0","0","0","0","0","0","0","0","0","4","0","0","0","0","0","0","0","0","0","0","0","0","0","0","0","0","0","2"
"0x7ff17525d9c0","      MOV R8, 0x7e0","0","0","0","0","0","0","0","0","0","-","-","-","0","0","0","0","0","-","0","0","0","0","0","0","0","0","0","0","0","0","0","0","0","0","0","0","0","0","0","0","0","0","0","0","0","0","0","0","0","0","0","0","0","0","0","0","0","0","0","0"
"0x7ff17525d9d0","      CALL.REL.NOINC 0x7ff17525da80","0","0","0","0","0","0","0","0","0","-","-","-","0","0","0","0","0","-","0","0","0","0","0","0","0","0","0","0","0","0","0","0","0","0","0","0","0","0","0","0","0","0","0","0","0","0","0","0","0","0","0","0","0","0","0","0","0","0","0","0"
"0x7ff17525d9e0","      IMAD.MOV.U32 R0, RZ, RZ, R3","0","0","0","0","0","0","0","0","0","-","-","-","0","0","0","0","0","-","0","0","0","0","0","0","0","0","0","0","0","0","0","0","0","0","0","0","0","0","0","0","0","0","0","0","0","0","0","0","0","0","0","0","0","0","0","0","0","0","0","0"
"0x7ff17525d9f0","      BSYNC B0","6","0","6","32768","1048576","1048576","32","32","0","-","-","-","0","0","0","0","0","-","0","0","0","0","0","0","0","1","0","0","0","0","0","0","0","0","0","4","1","0","0","0","0","0","0","0","0","0","0","0","0","0","0","0","0","0","0","0","0","0","0","0"
"0x7ff17525da00","      FSETP.GT.AND P0, PT, R0, 24, PT","13","0","13","32768","1048576","1048576","32","32","0","-","-","-","0","0","0","0","0","-","0","0","0","0","0","0","0","7","0","0","0","0","0","1","0","0","0","0","1","0","0","0","0","4","0","0","0","0","0","0","0","0","0","0","0","0","0","0","0","0","0","0"
"0x7ff17525da10","      FSETP.LEU.AND P1, PT, R5, 24, PT","4","1","4","32768","1048576","1048576","32","32","0","-","-","-","0","0","0","0","0","-","0","0","0","0","0","0","0","0","0","0","0","0","0","0","0","0","0","0","1","1","0","0","0","2","0","0","0","0","0","0","0","0","0","0","0","0","0","0","0","0","0","1"
"0x7ff17525da20","@!P0  EXIT P1","17","4","17","32768","1048576","1041408","32","31","0","-","-","-","0","0","0","0","0","-","0","0","0","0","0","0","0","0","0","0","0","0","0","0","0","0","0","0","2","0","0","0","0","15","0","0","0","0","0","0","0","0","0","0","0","0","0","0","0","0","0","4"
"0x7ff17525da30","      IMAD.MOV.U32 R3, RZ, RZ, 0x4","19","2","19","3632","7968","7968","2","2","0","-","-","-","0","0","0","0","0","-","0","0","0","0","0","0","0","12","0","1","0","0","0","0","0","0","0","0","0","2","0","0","0","4","0","2","0","0","0","0","0","0","0","0","0","0","0","0","0","0","0","0"
"0x7ff17525da40","      IMAD.MOV.U32 R5, RZ, RZ, 0xffff00","0","0","0","3632","7968","7968","2","2","0","-","-","-","0","0","0","0","0","-","0","0","0","0","0","0","0","0","0","0","0","0","0","0","0","0","0","0","0","0","0","0","0","0","0","0","0","0","0","0","0","0","0","0","0","0","0","0","0","0","0","0"
"0x7ff17525da50","      IMAD.WIDE R2, R2, R3, c[0x0][0x160]","0","0","0","3632","7968","7968","2","2","0","-","-","-","0","0","0","0","0","-","0","0","0","0","0","0","0","0","0","0","0","0","0","0","0","0","0","0","0","0","0","0","0","0","0","0","0","0","0","0","0","0","0","0","0","0","0","0","0","0","0","0"
"0x7ff17525da60","      STG.E [R2.64], R5","0","0","0","3632","7968","7968","2","2","0","Global","Store","32","7216","0","3580","7268","3688","","0","0","0","0","0","0","0","0","0","0","0","0","0","0","0","0","0","0","0","0","0","0","0","0","0","0","0","0","0","0","0","0","0","0","0","0","0","0","0","0","0","0"
"0x7ff17525da70","      EXIT","0","0","0","3632","7968","7968","2","2","0","-","-","-","0","0","0","0","0","-","0","0","0","0","0","0","0","0","0","0","0","0","0","0","0","0","0","0","0","0","0","0","0","0","0","0","0","0","0","0","0","0","0","0","0","0","0","0","0","0","0","0"
"0x7ff17525da80","      SHF.R.U32.HI R9, RZ, 0x17, R6","16","8","16","32768","1046528","1046528","31","31","0","-","-","-","0","0","0","0","0","-","0","0","0","0","0","0","0","4","1","8","0","0","0","0","0","0","0","1","1","0","0","0","0","1","0","2","1","4","0","0","0","0","0","0","0","0","0","0","0","0","0","1"
"0x7ff17525da90","      BSSY B1, 0x7ff17525e0e0","1","0","1","32768","1046528","1046528","31","31","0","-","-","-","0","0","0","0","0","-","0","0","0","0","0","0","0","0","0","0","0","0","0","0","0","0","0","0","0","1","0","0","0","0","0","0","0","0","0","0","0","0","0","0","0","0","0","0","0","0","0","0"
"0x7ff17525daa0","      SHF.R.U32.HI R0, RZ, 0x17, R3","1","0","1","32768","1046528","1046528","31","31","0","-","-","-","0","0","0","0","0","-","0","0","0","0","0","0","0","0","0","0","0","0","0","0","0","0","0","1","0","0","0","0","0","0","0","0","0","0","0","0","0","0","0","0","0","0","0","0","0","0","0","0"
"0x7ff17525dab0","      IMAD.MOV.U32 R10, RZ, RZ, 0x41100000","0","0","0","32768","1046528","1046528","31","31","0","-","-","-","0","0","0","0","0","-","0","0","0","0","0","0","0","0","0","0","0","0","0","0","0","0","0","0","0","0","0","0","0","0","0","0","0","0","0","0","0","0","0","0","0","0","0","0","0","0","0","0"
"0x7ff17525dac0","      LOP3.LUT R9, R9, 0xff, RZ, 0xc0, !PT","2","0","2","32768","1046528","1046528","31","31","0","-","-","-","0","0","0","0","0","-","0","0","0","0","0","0","0","0","0","0","0","0","0","0","0","0","0","0","0","2","0","0","0","0","0","0","0","0","0","0","0","0","0","0","0","0","0","0","0","0","0","0"
"0x7ff17525dad0","      LOP3.LUT R14, R0, 0xff, RZ, 0xc0, !PT","0","0","0","32768","1046528","1046528","31","31","0","-","-","-","0","0","0","0","0","-","0","0","0","0","0","0","0","0","0","0","0","0","0","0","0","0","0","0","0","0","0","0","0","0","0","0","0","0","0","0","0","0","0","0","0","0","0","0","0","0","0","0"
"0x7ff17525dae0","      IADD3 R12, R9, -0x1, RZ","7","0","7","32768","1046528","1046528","31","31","0","-","-","-","0","0","0","0","0","-","0","0","0","0","0","0","0","0","0","0","0","0","0","1","0","0","0","0","1","4","0","0","0","1","0","0","0","0","0","0","0","0","0","0","0","0","0","0","0","0","0","0"
"0x7ff17525daf0","      IADD3 R13, R14, -0x1, RZ","2","0","2","32768","1046528","1046528","31","31","0","-","-","-","0","0","0","0","0","-","0","0","0","0","0","0","0","0","0","0","0","0","0","1","0","0","0","0","0","1","0","0","0","0","0","0","0","0","0","0","0","0","0","0","0","0","0","0","0","0","0","0"
"0x7ff17525db00","      ISETP.GT.U32.AND P0, PT, R12, 0xfd, PT","14","0","14","32768","1046528","1046528","31","31","0","-","-","-","0","0","0","0","0","-","0","0","0","0","0","0","0","0","0","0","0","0","0","6","0","0","0","0","6","0","0","0","0","2","0","0","0","0","0","0","0","0","0","0","0","0","0","0","0","0","0","0"
"0x7ff17525db10","      ISETP.GT.U32.OR P0, PT, R13, 0xfd, P0","9","1","9","32768","1046528","1046528","31","31","0","-","-","-","0","0","0","0","0","-","0","0","0","0","0","0","0","0","1","0","0","0","0","1","0","0","0","0","4","1","0","0","0","2","0","0","0","0","0","0","0","0","0","0","0","0","0","0","0","0","0","1"
"0x7ff17525db20","@!P0  IMAD.MOV.U32 R11, RZ, RZ, RZ","17","1","17","32768","1046528","0","31","0","0","-","-","-","0","0","0","0","0","-","0","0","0","0","0","0","0","0","0","0","0","0","0","2","0","0","0","0","5","1","0","0","0","9","0","0","0","0","0","0","0","0","0","0","0","0","0","0","0","0","0","1"
"0x7ff17525db30","@!P0  BRA 0x7ff17525dcc0","0","0","0","32768","1046528","0","31","0","0","-","-","-","0","0","0","0","0","-","0","0","0","0","0","0","0","0","0","0","0","0","0","0","0","0","0","0","0","0","0","0","0","0","0","0","0","0","0","0","0","0","0","0","0","0","0","0","0","0","0","0"
"0x7ff17525db40","      IMAD.MOV.U32 R0, RZ, RZ, 0x41100000","7","0","7","32768","1046528","1046528","31","31","0","-","-","-","0","0","0","0","0","-","0","0","0","0","0","0","0","0","0","0","0","0","0","1","0","0","0","0","0","0","0","0","0","6","0","0","0","0","0","0","0","0","0","0","0","0","0","0","0","0","0","0"
"0x7ff17525db50","      FSETP.GTU.FTZ.AND P0, PT, |R3|, +INF , PT","1","0","1","32768","1046528","1046528","31","31","0","-","-","-","0","0","0","0","0","-","0","0","0","0","0","0","0","0","0","0","0","0","0","0","0","0","0","0","0","1","0","0","0","0","0","0","0","0","0","0","0","0","0","0","0","0","0","0","0","0","0","0"
"0x7ff17525db60","      FSETP.GTU.FTZ.AND P1, PT, |R0|, +INF , PT","15","1","15","32768","1046528","1046528","31","31","0","-","-","-","0","0","0","0","0","-","0","0","0","0","0","0","0","0","0","0","0","0","0","1","0","0","0","0","8","3","0","0","0","3","0","0","0","0","0","0","0","0","0","0","0","0","0","0","0","0","0","1"
"0x7ff17525db70","      PLOP3.LUT P0, PT, P0, P1, PT, 0xa8, 0x0","9","2","9","32768","1046528","1046528","31","31","0","-","-","-","0","0","0","0","0","-","0","0","0","0","0","0","0","0","0","0","0","0","0","1","0","0","0","0","5","0","0","0","0","3","0","0","0","0","0","0","0","1","0","0","0","0","0","0","0","0","0","1"
"0x7ff17525db80","@P0   BRA 0x7ff17525e0c0","12","2","12","32768","1046528","0","31","0","0","-","-","-","0","0","0","0","0","-","0","0","0","0","0","0","0","0","0","0","0","0","0","0","0","0","0","0","1","0","0","0","0","11","0","0","0","0","0","0","0","0","0","0","0","0","0","0","0","0","0","2"
"0x7ff17525db90","      LOP3.LUT P0, RZ, R10, 0x7fffffff, R3, 0xc8, !PT","9","0","9","32768","1046528","1046528","31","31","0","-","-","-","0","0","0","0","0","-","0","0","0","0","0","0","0","0","0","0","0","0","0","1","0","0","0","0","3","3","0","0","0","2","0","0","0","0","0","0","0","0","0","0","0","0","0","0","0","0","0","0"
"0x7ff17525dba0","@!P0  BRA 0x7ff17525e0a0","20","4","20","32768","1046528","0","31","0","0","-","-","-","0","0","0","0","0","-","0","0","0","0","0","0","0","0","0","0","0","0","0","0","0","0","0","0","1","0","0","0","0","19","0","0","0","0","0","0","0","0","0","0","0","0","0","0","0","0","0","4"
"0x7ff17525dbb0","      FSETP.NEU.FTZ.AND P1, PT, |R3|, +INF , PT","11","0","11","32768","1046528","1046528","31","31","0","-","-","-","0","0","0","0","0","-","0","0","0","0","0","0","0","0","0","0","0","0","0","0","0","0","0","0","4","1","0","0","0","6","0","0","0","0","0","0","0","0","0","0","0","0","0","0","0","0","0","0"
"0x7ff17525dbc0","      FSETP.NEU.FTZ.AND P0, PT, |R0|, +INF , PT","3","0","3","32768","1046528","1046528","31","31","0","-","-","-","0","0","0","0","0","-","0","0","0","0","0","0","0","0","0","0","0","0","0","0","0","0","0","0","0","3","0","0","0","0","0","0","0","0","0","0","0","0","0","0","0","0","0","0","0","0","0","0"
"0x7ff17525dbd0","      FSETP.NEU.FTZ.AND P2, PT, |R3|, +INF , PT","3","0","3","32768","1046528","1046528","31","31","0","-","-","-","0","0","0","0","0","-","0","0","0","0","0","0","0","0","0","0","0","0","0","1","0","0","0","0","0","1","0","0","0","1","0","0","0","0","0","0","0","0","0","0","0","0","0","0","0","0","0","0"
"0x7ff17525dbe0","@!P0  BRA !P1, 0x7ff17525e0a0","21","4","21","32768","1046528","0","31","0","0","-","-","-","0","0","0","0","0","-","0","0","0","0","0","0","0","0","1","0","0","0","0","0","0","0","0","0","6","2","0","0","0","12","0","0","0","0","0","0","0","0","0","0","0","0","0","0","0","0","0","4"
"0x7ff17525dbf0","      LOP3.LUT P1, RZ, R3, 0x7fffffff, RZ, 0xc0, !PT","12","1","12","32768","1046528","1046528","31","31","0","-","-","-","0","0","0","0","0","-","0","0","0","0","0","0","0","0","0","0","0","0","0","1","0","0","0","0","1","3","0","0","0","7","0","0","0","0","0","0","0","0","0","0","0","0","0","0","0","0","0","1"
"0x7ff17525dc00","      PLOP3.LUT P0, PT, P0, P1, PT, 0x2a, 0x0","29","2","29","32768","1046528","1046528","31","31","0","-","-","-","0","0","0","0","0","-","0","0","0","0","0","0","0","0","1","0","0","0","0","9","0","0","0","0","12","3","0","0","0","4","0","0","0","0","0","0","0","2","0","0","0","0","0","0","0","0","0","0"
"0x7ff17525dc10","@P0   BRA 0x7ff17525e080","18","5","18","32768","1046528","1046528","31","31","0","-","-","-","0","0","0","0","0","-","0","0","0","0","0","0","0","0","0","0","0","0","0","0","0","0","0","0","2","0","0","0","0","16","0","0","0","0","0","0","0","0","0","0","0","0","0","0","0","0","0","5"
"0x7ff17525dc20","      LOP3.LUT P0, RZ, R10, 0x7fffffff, RZ, 0xc0, !PT","8","1","8","0","0","0","0","0","0","-","-","-","0","0","0","0","0","-","0","0","0","0","0","0","0","0","0","0","0","0","0","0","0","0","0","0","0","1","0","0","0","7","0","0","0","0","0","0","0","0","0","0","0","0","0","0","0","0","0","1"
"0x7ff17525dc30","      PLOP3.LUT P0, PT, P2, P0, PT, 0x2a, 0x0","0","0","0","0","0","0","0","0","0","-","-","-","0","0","0","0","0","-","0","0","0","0","0","0","0","0","0","0","0","0","0","0","0","0","0","0","0","0","0","0","0","0","0","0","0","0","0","0","0","0","0","0","0","0","0","0","0","0","0","0"
"0x7ff17525dc40","@P0   BRA 0x7ff17525e050","0","0","0","0","0","0","0","0","0","-","-","-","0","0","0","0","0","-","0","0","0","0","0","0","0","0","0","0","0","0","0","0","0","0","0","0","0","0","0","0","0","0","0","0","0","0","0","0","0","0","0","0","0","0","0","0","0","0","0","0"
"0x7ff17525dc50","      ISETP.GE.AND P0, PT, R13, RZ, PT","0","0","0","0","0","0","0","0","0","-","-","-","0","0","0","0","0","-","0","0","0","0","0","0","0","0","0","0","0","0","0","0","0","0","0","0","0","0","0","0","0","0","0","0","0","0","0","0","0","0","0","0","0","0","0","0","0","0","0","0"
"0x7ff17525dc60","      ISETP.GE.AND P1, PT, R12, RZ, PT","0","0","0","0","0","0","0","0","0","-","-","-","0","0","0","0","0","-","0","0","0","0","0","0","0","0","0","0","0","0","0","0","0","0","0","0","0","0","0","0","0","0","0","0","0","0","0","0","0","0","0","0","0","0","0","0","0","0","0","0"
"0x7ff17525dc70","@P0   IMAD.MOV.U32 R11, RZ, RZ, RZ","0","0","0","0","0","0","0","0","0","-","-","-","0","0","0","0","0","-","0","0","0","0","0","0","0","0","0","0","0","0","0","0","0","0","0","0","0","0","0","0","0","0","0","0","0","0","0","0","0","0","0","0","0","0","0","0","0","0","0","0"
"0x7ff17525dc80","@!P0  FFMA R3, R3, 1.84467440737095516160e+19, RZ","0","0","0","0","0","0","0","0","0","-","-","-","0","0","0","0","0","-","0","0","0","0","0","0","0","0","0","0","0","0","0","0","0","0","0","0","0","0","0","0","0","0","0","0","0","0","0","0","0","0","0","0","0","0","0","0","0","0","0","0"
"0x7ff17525dc90","@!P0  IMAD.MOV.U32 R11, RZ, RZ, -0x40","0","0","0","0","0","0","0","0","0","-","-","-","0","0","0","0","0","-","0","0","0","0","0","0","0","0","0","0","0","0","0","0","0","0","0","0","0","0","0","0","0","0","0","0","0","0","0","0","0","0","0","0","0","0","0","0","0","0","0","0"
"0x7ff17525dca0","@!P1  FFMA R10, R0, 1.84467440737095516160e+19, RZ","0","0","0","0","0","0","0","0","0","-","-","-","0","0","0","0","0","-","0","0","0","0","0","0","0","0","0","0","0","0","0","0","0","0","0","0","0","0","0","0","0","0","0","0","0","0","0","0","0","0","0","0","0","0","0","0","0","0","0","0"
"0x7ff17525dcb0","@!P1  IADD3 R11, R11, 0x40, RZ","0","0","0","0","0","0","0","0","0","-","-","-","0","0","0","0","0","-","0","0","0","0","0","0","0","0","0","0","0","0","0","0","0","0","0","0","0","0","0","0","0","0","0","0","0","0","0","0","0","0","0","0","0","0","0","0","0","0","0","0"
"0x7ff17525dcc0","      LEA R13, R9, 0xc0800000, 0x17","0","0","0","0","0","0","0","0","0","-","-","-","0","0","0","0","0","-","0","0","0","0","0","0","0","0","0","0","0","0","0","0","0","0","0","0","0","0","0","0","0","0","0","0","0","0","0","0","0","0","0","0","0","0","0","0","0","0","0","0"
"0x7ff17525dcd0","      BSSY B2, 0x7ff17525e040","0","0","0","0","0","0","0","0","0","-","-","-","0","0","0","0","0","-","0","0","0","0","0","0","0","0","0","0","0","0","0","0","0","0","0","0","0","0","0","0","0","0","0","0","0","0","0","0","0","0","0","0","0","0","0","0","0","0","0","0"
"0x7ff17525dce0","      IMAD.IADD R13, R10, 0x1, -R13","0","0","0","0","0","0","0","0","0","-","-","-","0","0","0","0","0","-","0","0","0","0","0","0","0","0","0","0","0","0","0","0","0","0","0","0","0","0","0","0","0","0","0","0","0","0","0","0","0","0","0","0","0","0","0","0","0","0","0","0"
"0x7ff17525dcf0","      IADD3 R10, R14, -0x7f, RZ","0","0","0","0","0","0","0","0","0","-","-","-","0","0","0","0","0","-","0","0","0","0","0","0","0","0","0","0","0","0","0","0","0","0","0","0","0","0","0","0","0","0","0","0","0","0","0","0","0","0","0","0","0","0","0","0","0","0","0","0"
"0x7ff17525dd00","      MUFU.RCP R12, R13","0","0","0","0","0","0","0","0","0","-","-","-","0","0","0","0","0","-","0","0","0","0","0","0","0","0","0","0","0","0","0","0","0","0","0","0","0","0","0","0","0","0","0","0","0","0","0","0","0","0","0","0","0","0","0","0","0","0","0","0"
"0x7ff17525dd10","      FADD.FTZ R15, -R13, -RZ","0","0","0","0","0","0","0","0","0","-","-","-","0","0","0","0","0","-","0","0","0","0","0","0","0","0","0","0","0","0","0","0","0","0","0","0","0","0","0","0","0","0","0","0","0","0","0","0","0","0","0","0","0","0","0","0","0","0","0","0"
"0x7ff17525dd20","      IMAD R0, R10, -0x800000, R3","0","0","0","0","0","0","0","0","0","-","-","-","0","0","0","0","0","-","0","0","0","0","0","0","0","0","0","0","0","0","0","0","0","0","0","0","0","0","0","0","0","0","0","0","0","0","0","0","0","0","0","0","0","0","0","0","0","0","0","0"
"0x7ff17525dd30","      IADD3 R10, R10, 0x7f, -R9","0","0","0","0","0","0","0","0","0","-","-","-","0","0","0","0","0","-","0","0","0","0","0","0","0","0","0","0","0","0","0","0","0","0","0","0","0","0","0","0","0","0","0","0","0","0","0","0","0","0","0","0","0","0","0","0","0","0","0","0"
"0x7ff17525dd40","      IMAD.IADD R10, R10, 0x1, R11","0","0","0","0","0","0","0","0","0","-","-","-","0","0","0","0","0","-","0","0","0","0","0","0","0","0","0","0","0","0","0","0","0","0","0","0","0","0","0","0","0","0","0","0","0","0","0","0","0","0","0","0","0","0","0","0","0","0","0","0"
"0x7ff17525dd50","      FFMA R17, R12, R15, 1","0","0","0","0","0","0","0","0","0","-","-","-","0","0","0","0","0","-","0","0","0","0","0","0","0","0","0","0","0","0","0","0","0","0","0","0","0","0","0","0","0","0","0","0","0","0","0","0","0","0","0","0","0","0","0","0","0","0","0","0"
"0x7ff17525dd60","      FFMA R14, R12, R17, R12","0","0","0","0","0","0","0","0","0","-","-","-","0","0","0","0","0","-","0","0","0","0","0","0","0","0","0","0","0","0","0","0","0","0","0","0","0","0","0","0","0","0","0","0","0","0","0","0","0","0","0","0","0","0","0","0","0","0","0","0"
"0x7ff17525dd70","      FFMA R3, R0, R14, RZ","0","0","0","0","0","0","0","0","0","-","-","-","0","0","0","0","0","-","0","0","0","0","0","0","0","0","0","0","0","0","0","0","0","0","0","0","0","0","0","0","0","0","0","0","0","0","0","0","0","0","0","0","0","0","0","0","0","0","0","0"
"0x7ff17525dd80","      FFMA R12, R15, R3, R0","0","0","0","0","0","0","0","0","0","-","-","-","0","0","0","0","0","-","0","0","0","0","0","0","0","0","0","0","0","0","0","0","0","0","0","0","0","0","0","0","0","0","0","0","0","0","0","0","0","0","0","0","0","0","0","0","0","0","0","0"
"0x7ff17525dd90","      FFMA R17, R14, R12, R3","0","0","0","0","0","0","0","0","0","-","-","-","0","0","0","0","0","-","0","0","0","0","0","0","0","0","0","0","0","0","0","0","0","0","0","0","0","0","0","0","0","0","0","0","0","0","0","0","0","0","0","0","0","0","0","0","0","0","0","0"
"0x7ff17525dda0","      FFMA R12, R15, R17, R0","0","0","0","0","0","0","0","0","0","-","-","-","0","0","0","0","0","-","0","0","0","0","0","0","0","0","0","0","0","0","0","0","0","0","0","0","0","0","0","0","0","0","0","0","0","0","0","0","0","0","0","0","0","0","0","0","0","0","0","0"
"0x7ff17525ddb0","      FFMA R3, R14, R12, R17","0","0","0","0","0","0","0","0","0","-","-","-","0","0","0","0","0","-","0","0","0","0","0","0","0","0","0","0","0","0","0","0","0","0","0","0","0","0","0","0","0","0","0","0","0","0","0","0","0","0","0","0","0","0","0","0","0","0","0","0"
"0x7ff17525ddc0","      SHF.R.U32.HI R0, RZ, 0x17, R3","0","0","0","0","0","0","0","0","0","-","-","-","0","0","0","0","0","-","0","0","0","0","0","0","0","0","0","0","0","0","0","0","0","0","0","0","0","0","0","0","0","0","0","0","0","0","0","0","0","0","0","0","0","0","0","0","0","0","0","0"
"0x7ff17525ddd0","      LOP3.LUT R0, R0, 0xff, RZ, 0xc0, !PT","0","0","0","0","0","0","0","0","0","-","-","-","0","0","0","0","0","-","0","0","0","0","0","0","0","0","0","0","0","0","0","0","0","0","0","0","0","0","0","0","0","0","0","0","0","0","0","0","0","0","0","0","0","0","0","0","0","0","0","0"
"0x7ff17525dde0","      IMAD.IADD R13, R0, 0x1, R10","0","0","0","0","0","0","0","0","0","-","-","-","0","0","0","0","0","-","0","0","0","0","0","0","0","0","0","0","0","0","0","0","0","0","0","0","0","0","0","0","0","0","0","0","0","0","0","0","0","0","0","0","0","0","0","0","0","0","0","0"
"0x7ff17525ddf0","      IADD3 R0, R13, -0x1, RZ","0","0","0","0","0","0","0","0","0","-","-","-","0","0","0","0","0","-","0","0","0","0","0","0","0","0","0","0","0","0","0","0","0","0","0","0","0","0","0","0","0","0","0","0","0","0","0","0","0","0","0","0","0","0","0","0","0","0","0","0"
"0x7ff17525de00","      ISETP.GE.U32.AND P0, PT, R0, 0xfe, PT","0","0","0","0","0","0","0","0","0","-","-","-","0","0","0","0","0","-","0","0","0","0","0","0","0","0","0","0","0","0","0","0","0","0","0","0","0","0","0","0","0","0","0","0","0","0","0","0","0","0","0","0","0","0","0","0","0","0","0","0"
"0x7ff17525de10","@!P0  BRA 0x7ff17525e020","0","0","0","0","0","0","0","0","0","-","-","-","0","0","0","0","0","-","0","0","0","0","0","0","0","0","0","0","0","0","0","0","0","0","0","0","0","0","0","0","0","0","0","0","0","0","0","0","0","0","0","0","0","0","0","0","0","0","0","0"
"0x7ff17525de20","      ISETP.GT.AND P0, PT, R13, 0xfe, PT","0","0","0","0","0","0","0","0","0","-","-","-","0","0","0","0","0","-","0","0","0","0","0","0","0","0","0","0","0","0","0","0","0","0","0","0","0","0","0","0","0","0","0","0","0","0","0","0","0","0","0","0","0","0","0","0","0","0","0","0"
"0x7ff17525de30","@P0   BRA 0x7ff17525dff0","0","0","0","0","0","0","0","0","0","-","-","-","0","0","0","0","0","-","0","0","0","0","0","0","0","0","0","0","0","0","0","0","0","0","0","0","0","0","0","0","0","0","0","0","0","0","0","0","0","0","0","0","0","0","0","0","0","0","0","0"
"0x7ff17525de40","      ISETP.GE.AND P0, PT, R13, 0x1, PT","0","0","0","0","0","0","0","0","0","-","-","-","0","0","0","0","0","-","0","0","0","0","0","0","0","0","0","0","0","0","0","0","0","0","0","0","0","0","0","0","0","0","0","0","0","0","0","0","0","0","0","0","0","0","0","0","0","0","0","0"
"0x7ff17525de50","@P0   BRA 0x7ff17525e030","0","0","0","0","0","0","0","0","0","-","-","-","0","0","0","0","0","-","0","0","0","0","0","0","0","0","0","0","0","0","0","0","0","0","0","0","0","0","0","0","0","0","0","0","0","0","0","0","0","0","0","0","0","0","0","0","0","0","0","0"
"0x7ff17525de60","      ISETP.GE.AND P0, PT, R13, -0x18, PT","0","0","0","0","0","0","0","0","0","-","-","-","0","0","0","0","0","-","0","0","0","0","0","0","0","0","0","0","0","0","0","0","0","0","0","0","0","0","0","0","0","0","0","0","0","0","0","0","0","0","0","0","0","0","0","0","0","0","0","0"
"0x7ff17525de70","      LOP3.LUT R3, R3, 0x80000000, RZ, 0xc0, !PT","0","0","0","0","0","0","0","0","0","-","-","-","0","0","0","0","0","-","0","0","0","0","0","0","0","0","0","0","0","0","0","0","0","0","0","0","0","0","0","0","0","0","0","0","0","0","0","0","0","0","0","0","0","0","0","0","0","0","0","0"
"0x7ff17525de80","@!P0  BRA 0x7ff17525e030","0","0","0","0","0","0","0","0","0","-","-","-","0","0","0","0","0","-","0","0","0","0","0","0","0","0","0","0","0","0","0","0","0","0","0","0","0","0","0","0","0","0","0","0","0","0","0","0","0","0","0","0","0","0","0","0","0","0","0","0"
"0x7ff17525de90","      FFMA.RZ R0, R14, R12, R17","0","0","0","0","0","0","0","0","0","-","-","-","0","0","0","0","0","-","0","0","0","0","0","0","0","0","0","0","0","0","0","0","0","0","0","0","0","0","0","0","0","0","0","0","0","0","0","0","0","0","0","0","0","0","0","0","0","0","0","0"
"0x7ff17525dea0","      IADD3 R11, R13, 0x20, RZ","0","0","0","0","0","0","0","0","0","-","-","-","0","0","0","0","0","-","0","0","0","0","0","0","0","0","0","0","0","0","0","0","0","0","0","0","0","0","0","0","0","0","0","0","0","0","0","0","0","0","0","0","0","0","0","0","0","0","0","0"
"0x7ff17525deb0","      FFMA.RM R9, R14, R12, R17","0","0","0","0","0","0","0","0","0","-","-","-","0","0","0","0","0","-","0","0","0","0","0","0","0","0","0","0","0","0","0","0","0","0","0","0","0","0","0","0","0","0","0","0","0","0","0","0","0","0","0","0","0","0","0","0","0","0","0","0"
"0x7ff17525dec0","      ISETP.NE.AND P2, PT, R13, RZ, PT","0","0","0","0","0","0","0","0","0","-","-","-","0","0","0","0","0","-","0","0","0","0","0","0","0","0","0","0","0","0","0","0","0","0","0","0","0","0","0","0","0","0","0","0","0","0","0","0","0","0","0","0","0","0","0","0","0","0","0","0"
"0x7ff17525ded0","      LOP3.LUT R10, R0, 0x7fffff, RZ, 0xc0, !PT","0","0","0","0","0","0","0","0","0","-","-","-","0","0","0","0","0","-","0","0","0","0","0","0","0","0","0","0","0","0","0","0","0","0","0","0","0","0","0","0","0","0","0","0","0","0","0","0","0","0","0","0","0","0","0","0","0","0","0","0"
"0x7ff17525dee0","      FFMA.RP R0, R14, R12, R17","0","0","0","0","0","0","0","0","0","-","-","-","0","0","0","0","0","-","0","0","0","0","0","0","0","0","0","0","0","0","0","0","0","0","0","0","0","0","0","0","0","0","0","0","0","0","0","0","0","0","0","0","0","0","0","0","0","0","0","0"
"0x7ff17525def0","      IMAD.MOV R12, RZ, RZ, -R13","0","0","0","0","0","0","0","0","0","-","-","-","0","0","0","0","0","-","0","0","0","0","0","0","0","0","0","0","0","0","0","0","0","0","0","0","0","0","0","0","0","0","0","0","0","0","0","0","0","0","0","0","0","0","0","0","0","0","0","0"
"0x7ff17525df00","      ISETP.NE.AND P1, PT, R13, RZ, PT","0","0","0","0","0","0","0","0","0","-","-","-","0","0","0","0","0","-","0","0","0","0","0","0","0","0","0","0","0","0","0","0","0","0","0","0","0","0","0","0","0","0","0","0","0","0","0","0","0","0","0","0","0","0","0","0","0","0","0","0"
"0x7ff17525df10","      LOP3.LUT R10, R10, 0x800000, RZ, 0xfc, !PT","0","0","0","0","0","0","0","0","0","-","-","-","0","0","0","0","0","-","0","0","0","0","0","0","0","0","0","0","0","0","0","0","0","0","0","0","0","0","0","0","0","0","0","0","0","0","0","0","0","0","0","0","0","0","0","0","0","0","0","0"
"0x7ff17525df20","      FSETP.NEU.FTZ.AND P0, PT, R0, R9, PT","0","0","0","0","0","0","0","0","0","-","-","-","0","0","0","0","0","-","0","0","0","0","0","0","0","0","0","0","0","0","0","0","0","0","0","0","0","0","0","0","0","0","0","0","0","0","0","0","0","0","0","0","0","0","0","0","0","0","0","0"
"0x7ff17525df30","      SHF.L.U32 R11, R10, R11, RZ","0","0","0","0","0","0","0","0","0","-","-","-","0","0","0","0","0","-","0","0","0","0","0","0","0","0","0","0","0","0","0","0","0","0","0","0","0","0","0","0","0","0","0","0","0","0","0","0","0","0","0","0","0","0","0","0","0","0","0","0"
"0x7ff17525df40","      SEL R9, R12, RZ, P2","0","0","0","0","0","0","0","0","0","-","-","-","0","0","0","0","0","-","0","0","0","0","0","0","0","0","0","0","0","0","0","0","0","0","0","0","0","0","0","0","0","0","0","0","0","0","0","0","0","0","0","0","0","0","0","0","0","0","0","0"
"0x7ff17525df50","      ISETP.NE.AND P1, PT, R11, RZ, P1","0","0","0","0","0","0","0","0","0","-","-","-","0","0","0","0","0","-","0","0","0","0","0","0","0","0","0","0","0","0","0","0","0","0","0","0","0","0","0","0","0","0","0","0","0","0","0","0","0","0","0","0","0","0","0","0","0","0","0","0"
"0x7ff17525df60","      SHF.R.U32.HI R9, RZ, R9, R10","0","0","0","0","0","0","0","0","0","-","-","-","0","0","0","0","0","-","0","0","0","0","0","0","0","0","0","0","0","0","0","0","0","0","0","0","0","0","0","0","0","0","0","0","0","0","0","0","0","0","0","0","0","0","0","0","0","0","0","0"
"0x7ff17525df70","      PLOP3.LUT P0, PT, P0, P1, PT, 0xa8, 0x0","0","0","0","0","0","0","0","0","0","-","-","-","0","0","0","0","0","-","0","0","0","0","0","0","0","0","0","0","0","0","0","0","0","0","0","0","0","0","0","0","0","0","0","0","0","0","0","0","0","0","0","0","0","0","0","0","0","0","0","0"
"0x7ff17525df80","      SHF.R.U32.HI R11, RZ, 0x1, R9","0","0","0","0","0","0","0","0","0","-","-","-","0","0","0","0","0","-","0","0","0","0","0","0","0","0","0","0","0","0","0","0","0","0","0","0","0","0","0","0","0","0","0","0","0","0","0","0","0","0","0","0","0","0","0","0","0","0","0","0"
"0x7ff17525df90","      SEL R0, RZ, 0x1, !P0","0","0","0","0","0","0","0","0","0","-","-","-","0","0","0","0","0","-","0","0","0","0","0","0","0","0","0","0","0","0","0","0","0","0","0","0","0","0","0","0","0","0","0","0","0","0","0","0","0","0","0","0","0","0","0","0","0","0","0","0"
"0x7ff17525dfa0","      LOP3.LUT R0, R0, 0x1, R11, 0xf8, !PT","0","0","0","0","0","0","0","0","0","-","-","-","0","0","0","0","0","-","0","0","0","0","0","0","0","0","0","0","0","0","0","0","0","0","0","0","0","0","0","0","0","0","0","0","0","0","0","0","0","0","0","0","0","0","0","0","0","0","0","0"
"0x7ff17525dfb0","      LOP3.LUT R0, R0, R9, RZ, 0xc0, !PT","0","0","0","0","0","0","0","0","0","-","-","-","0","0","0","0","0","-","0","0","0","0","0","0","0","0","0","0","0","0","0","0","0","0","0","0","0","0","0","0","0","0","0","0","0","0","0","0","0","0","0","0","0","0","0","0","0","0","0","0"
"0x7ff17525dfc0","      IMAD.IADD R0, R11, 0x1, R0","0","0","0","0","0","0","0","0","0","-","-","-","0","0","0","0","0","-","0","0","0","0","0","0","0","0","0","0","0","0","0","0","0","0","0","0","0","0","0","0","0","0","0","0","0","0","0","0","0","0","0","0","0","0","0","0","0","0","0","0"
"0x7ff17525dfd0","      LOP3.LUT R3, R0, R3, RZ, 0xfc, !PT","0","0","0","0","0","0","0","0","0","-","-","-","0","0","0","0","0","-","0","0","0","0","0","0","0","0","0","0","0","0","0","0","0","0","0","0","0","0","0","0","0","0","0","0","0","0","0","0","0","0","0","0","0","0","0","0","0","0","0","0"
"0x7ff17525dfe0","      BRA 0x7ff17525e030","0","0","0","0","0","0","0","0","0","-","-","-","0","0","0","0","0","-","0","0","0","0","0","0","0","0","0","0","0","0","0","0","0","0","0","0","0","0","0","0","0","0","0","0","0","0","0","0","0","0","0","0","0","0","0","0","0","0","0","0"
"0x7ff17525dff0","      LOP3.LUT R3, R3, 0x80000000, RZ, 0xc0, !PT","0","0","0","0","0","0","0","0","0","-","-","-","0","0","0","0","0","-","0","0","0","0","0","0","0","0","0","0","0","0","0","0","0","0","0","0","0","0","0","0","0","0","0","0","0","0","0","0","0","0","0","0","0","0","0","0","0","0","0","0"
"0x7ff17525e000","      LOP3.LUT R3, R3, 0x7f800000, RZ, 0xfc, !PT","0","0","0","0","0","0","0","0","0","-","-","-","0","0","0","0","0","-","0","0","0","0","0","0","0","0","0","0","0","0","0","0","0","0","0","0","0","0","0","0","0","0","0","0","0","0","0","0","0","0","0","0","0","0","0","0","0","0","0","0"
"0x7ff17525e010","      BRA 0x7ff17525e030","0","0","0","0","0","0","0","0","0","-","-","-","0","0","0","0","0","-","0","0","0","0","0","0","0","0","0","0","0","0","0","0","0","0","0","0","0","0","0","0","0","0","0","0","0","0","0","0","0","0","0","0","0","0","0","0","0","0","0","0"
"0x7ff17525e020","      IMAD R3, R10, 0x800000, R3","0","0","0","0","0","0","0","0","0","-","-","-","0","0","0","0","0","-","0","0","0","0","0","0","0","0","0","0","0","0","0","0","0","0","0","0","0","0","0","0","0","0","0","0","0","0","0","0","0","0","0","0","0","0","0","0","0","0","0","0"
"0x7ff17525e030","      BSYNC B2","0","0","0","0","0","0","0","0","0","-","-","-","0","0","0","0","0","-","0","0","0","0","0","0","0","0","0","0","0","0","0","0","0","0","0","0","0","0","0","0","0","0","0","0","0","0","0","0","0","0","0","0","0","0","0","0","0","0","0","0"
"0x7ff17525e040","      BRA 0x7ff17525e0d0","0","0","0","0","0","0","0","0","0","-","-","-","0","0","0","0","0","-","0","0","0","0","0","0","0","0","0","0","0","0","0","0","0","0","0","0","0","0","0","0","0","0","0","0","0","0","0","0","0","0","0","0","0","0","0","0","0","0","0","0"
"0x7ff17525e050","      LOP3.LUT R3, R10, 0x80000000, R3, 0x48, !PT","0","0","0","0","0","0","0","0","0","-","-","-","0","0","0","0","0","-","0","0","0","0","0","0","0","0","0","0","0","0","0","0","0","0","0","0","0","0","0","0","0","0","0","0","0","0","0","0","0","0","0","0","0","0","0","0","0","0","0","0"
"0x7ff17525e060","      LOP3.LUT R3, R3, 0x7f800000, RZ, 0xfc, !PT","0","0","0","0","0","0","0","0","0","-","-","-","0","0","0","0","0","-","0","0","0","0","0","0","0","0","0","0","0","0","0","0","0","0","0","0","0","0","0","0","0","0","0","0","0","0","0","0","0","0","0","0","0","0","0","0","0","0","0","0"
"0x7ff17525e070","      BRA 0x7ff17525e0d0","0","0","0","0","0","0","0","0","0","-","-","-","0","0","0","0","0","-","0","0","0","0","0","0","0","0","0","0","0","0","0","0","0","0","0","0","0","0","0","0","0","0","0","0","0","0","0","0","0","0","0","0","0","0","0","0","0","0","0","0"
"0x7ff17525e080","      LOP3.LUT R3, R10, 0x80000000, R3, 0x48, !PT","13","0","13","32768","1046528","1046528","31","31","0","-","-","-","0","0","0","0","0","-","0","0","0","0","0","0","0","4","0","0","0","0","0","2","0","0","0","7","0","0","0","0","0","0","0","0","0","0","0","0","0","0","0","0","0","0","0","0","0","0","0","0"
"0x7ff17525e090","      BRA 0x7ff17525e0d0","3","0","3","32768","1046528","1046528","31","31","0","-","-","-","0","0","0","0","0","-","0","0","0","0","0","0","0","0","0","0","0","0","0","0","0","0","0","0","0","3","0","0","0","0","0","0","0","0","0","0","0","0","0","0","0","0","0","0","0","0","0","0"
"0x7ff17525e0a0","      MUFU.RSQ R3, -QNAN ","9","0","9","0","0","0","0","0","0","-","-","-","0","0","0","0","0","-","0","0","0","0","0","0","0","0","0","0","0","0","0","0","0","0","0","0","0","2","0","0","0","7","0","0","0","0","0","0","0","0","0","0","0","0","0","0","0","0","0","0"
"0x7ff17525e0b0","      BRA 0x7ff17525e0d0","0","0","0","0","0","0","0","0","0","-","-","-","0","0","0","0","0","-","0","0","0","0","0","0","0","0","0","0","0","0","0","0","0","0","0","0","0","0","0","0","0","0","0","0","0","0","0","0","0","0","0","0","0","0","0","0","0","0","0","0"
"0x7ff17525e0c0","      FADD.FTZ R3, R3, R0","0","0","0","0","0","0","0","0","0","-","-","-","0","0","0","0","0","-","0","0","0","0","0","0","0","0","0","0","0","0","0","0","0","0","0","0","0","0","0","0","0","0","0","0","0","0","0","0","0","0","0","0","0","0","0","0","0","0","0","0"
"0x7ff17525e0d0","      BSYNC B1","7","1","7","32768","1046528","1046528","31","31","0","-","-","-","0","0","0","0","0","-","0","0","0","0","0","0","0","2","0","0","0","0","0","0","0","0","0","5","0","0","0","0","0","0","0","0","0","0","0","0","0","0","0","0","0","1","0","0","0","0","0","0"
"0x7ff17525e0e0","      IMAD.MOV.U32 R9, RZ, RZ, 0x0","17","0","17","32768","1046528","1046528","31","31","0","-","-","-","0","0","0","0","0","-","0","0","0","0","0","0","0","7","0","0","0","0","0","1","0","0","0","0","3","0","0","0","0","6","0","0","0","0","0","0","0","0","0","0","0","0","0","0","0","0","0","0"
"0x7ff17525e0f0","      RET.REL.NODEC R8, 0x7ff17525d200","12","0","12","32768","1046528","1046528","31","31","0","-","-","-","0","0","0","0","0","-","0","0","0","0","0","0","0","0","0","0","0","0","0","0","0","0","0","0","3","1","0","0","0","8","0","0","0","0","0","0","0","0","0","0","0","0","0","0","0","0","0","0"
"0x7ff17525e100","      BRA `(.L_x_0) 0x7ff17525e100","57","6","57","0","0","0","0","0","0","-","-","-","0","0","0","0","0","-","0","0","0","0","0","0","0","48","0","0","0","0","0","0","0","0","0","0","0","3","0","0","0","6","0","6","0","0","0","0","0","0","0","0","0","0","0","0","0","0","0","0"
"0x7ff17525e110","      NOP","0","0","0","0","0","0","0","0","0","-","-","-","0","0","0","0","0","-","0","0","0","0","0","0","0","0","0","0","0","0","0","0","0","0","0","0","0","0","0","0","0","0","0","0","0","0","0","0","0","0","0","0","0","0","0","0","0","0","0","0"
"0x7ff17525e120","      NOP","0","0","0","0","0","0","0","0","0","-","-","-","0","0","0","0","0","-","0","0","0","0","0","0","0","0","0","0","0","0","0","0","0","0","0","0","0","0","0","0","0","0","0","0","0","0","0","0","0","0","0","0","0","0","0","0","0","0","0","0"
"0x7ff17525e130","      NOP","0","0","0","0","0","0","0","0","0","-","-","-","0","0","0","0","0","-","0","0","0","0","0","0","0","0","0","0","0","0","0","0","0","0","0","0","0","0","0","0","0","0","0","0","0","0","0","0","0","0","0","0","0","0","0","0","0","0","0","0"
"0x7ff17525e140","      NOP","0","0","0","0","0","0","0","0","0","-","-","-","0","0","0","0","0","-","0","0","0","0","0","0","0","0","0","0","0","0","0","0","0","0","0","0","0","0","0","0","0","0","0","0","0","0","0","0","0","0","0","0","0","0","0","0","0","0","0","0"
"0x7ff17525e150","      NOP","0","0","0","0","0","0","0","0","0","-","-","-","0","0","0","0","0","-","0","0","0","0","0","0","0","0","0","0","0","0","0","0","0","0","0","0","0","0","0","0","0","0","0","0","0","0","0","0","0","0","0","0","0","0","0","0","0","0","0","0"
"0x7ff17525e160","      NOP","0","0","0","0","0","0","0","0","0","-","-","-","0","0","0","0","0","-","0","0","0","0","0","0","0","0","0","0","0","0","0","0","0","0","0","0","0","0","0","0","0","0","0","0","0","0","0","0","0","0","0","0","0","0","0","0","0","0","0","0"
"0x7ff17525e170","      NOP","0","0","0","0","0","0","0","0","0","-","-","-","0","0","0","0","0","-","0","0","0","0","0","0","0","0","0","0","0","0","0","0","0","0","0","0","0","0","0","0","0","0","0","0","0","0","0","0","0","0","0","0","0","0","0","0","0","0","0","0"
"0x7ff17525e180","      NOP","0","0","0","0","0","0","0","0","0","-","-","-","0","0","0","0","0","-","0","0","0","0","0","0","0","0","0","0","0","0","0","0","0","0","0","0","0","0","0","0","0","0","0","0","0","0","0","0","0","0","0","0","0","0","0","0","0","0","0","0"
"0x7ff17525e190","      NOP","0","0","0","0","0","0","0","0","0","-","-","-","0","0","0","0","0","-","0","0","0","0","0","0","0","0","0","0","0","0","0","0","0","0","0","0","0","0","0","0","0","0","0","0","0","0","0","0","0","0","0","0","0","0","0","0","0","0","0","0"
"0x7ff17525e1a0","      NOP","0","0","0","0","0","0","0","0","0","-","-","-","0","0","0","0","0","-","0","0","0","0","0","0","0","0","0","0","0","0","0","0","0","0","0","0","0","0","0","0","0","0","0","0","0","0","0","0","0","0","0","0","0","0","0","0","0","0","0","0"
"0x7ff17525e1b0","      NOP","0","0","0","0","0","0","0","0","0","-","-","-","0","0","0","0","0","-","0","0","0","0","0","0","0","0","0","0","0","0","0","0","0","0","0","0","0","0","0","0","0","0","0","0","0","0","0","0","0","0","0","0","0","0","0","0","0","0","0","0"
"0x7ff17525e1c0","      NOP","0","0","0","0","0","0","0","0","0","-","-","-","0","0","0","0","0","-","0","0","0","0","0","0","0","0","0","0","0","0","0","0","0","0","0","0","0","0","0","0","0","0","0","0","0","0","0","0","0","0","0","0","0","0","0","0","0","0","0","0"
"0x7ff17525e1d0","      NOP","0","0","0","0","0","0","0","0","0","-","-","-","0","0","0","0","0","-","0","0","0","0","0","0","0","0","0","0","0","0","0","0","0","0","0","0","0","0","0","0","0","0","0","0","0","0","0","0","0","0","0","0","0","0","0","0","0","0","0","0"
"0x7ff17525e1e0","      NOP","0","0","0","0","0","0","0","0","0","-","-","-","0","0","0","0","0","-","0","0","0","0","0","0","0","0","0","0","0","0","0","0","0","0","0","0","0","0","0","0","0","0","0","0","0","0","0","0","0","0","0","0","0","0","0","0","0","0","0","0"
"0x7ff17525e1f0","      NOP","0","0","0","0","0","0","0","0","0","-","-","-","0","0","0","0","0","-","0","0","0","0","0","0","0","0","0","0","0","0","0","0","0","0","0","0","0","0","0","0","0","0","0","0","0","0","0","0","0","0","0","0","0","0","0","0","0","0","0","0"
