"Kernel Name","void Sobel<double>(uchar4 *, uchar4 *, int, int)",
"Address","Source","Warp Stall Sampling (All Samples)","Warp Stall Sampling (Not-issued Samples)","# Samples","Instructions Executed","Thread Instructions Executed","Predicated-On Thread Instructions Executed","Avg. Threads Executed","Avg. Predicated-On Threads Executed","Divergent Branches","Address Space","Access Operation","Access Size","L1 Tag Requests Global","L1 Conflicts Shared N-Way","L2 Theoretical Sectors Global Excessive","L2 Theoretical Sectors Global","L2 Theoretical Sectors Global Ideal","L2 Explicit Evict Policies","L2 Explicit Hit Policy Evict First","L2 Explicit Hit Policy Evict Last","L2 Explicit Hit Policy Evict Normal","L2 Explicit Hit Policy Evict Normal Demote","L2 Explicit Miss Policy Evict First","L2 Explicit Miss Policy Evict Normal","stall_barrier","stall_branch_resolving","stall_dispatch","stall_drain","stall_imc","stall_lg","stall_long_sb","stall_math","stall_membar","stall_mio","stall_misc","stall_no_inst","stall_not_selected","stall_selected","stall_short_sb","stall_sleep","stall_tex","stall_wait","stall_barrier (Not Issued)","stall_branch_resolving (Not Issued)","stall_dispatch (Not Issued)","stall_drain (Not Issued)","stall_imc (Not Issued)","stall_lg (Not Issued)","stall_long_sb (Not Issued)","stall_math (Not Issued)","stall_membar (Not Issued)","stall_mio (Not Issued)","stall_misc (Not Issued)","stall_no_inst (Not Issued)","stall_not_selected (Not Issued)","stall_selected (Not Issued)","stall_short_sb (Not Issued)","stall_sleeping (Not Issued)","stall_tex (Not Issued)","stall_wait (Not Issued)"
"0x7fbd8325d200","      IMAD.MOV.U32 R1, RZ, RZ, c[0x0][0x28]","23","15","23","32768","1048576","1048576","32","32","0","-","-","-","0","0","0","0","0","-","0","0","0","0","0","0","0","0","0","0","18","0","0","0","0","0","0","5","0","0","0","0","0","0","0","0","0","0","11","0","0","0","0","0","0","4","0","0","0","0","0","0"
"0x7fbd8325d210","      S2R R10, SR_CTAID.X","1","0","1","32768","1048576","1048576","32","32","0","-","-","-","0","0","0","0","0","-","0","0","0","0","0","0","0","0","0","0","0","0","0","0","0","0","0","0","1","0","0","0","0","0","0","0","0","0","0","0","0","0","0","0","0","0","0","0","0","0","0","0"
"0x7fbd8325d220","      IMAD.MOV.U32 R18, RZ, RZ, c[0x0][0x170]","1","1","1","32768","1048576","1048576","32","32","0","-","-","-","0","0","0","0","0","-","0","0","0","0","0","0","0","0","0","0","0","0","0","0","0","0","0","1","0","0","0","0","0","0","0","0","0","0","0","0","0","0","0","0","0","1","0","0","0","0","0","0"
"0x7fbd8325d230","      ULDC.64 UR6, c[0x0][0x118]","32","10","32","32768","1048576","1048576","32","32","0","-","-","-","0","0","0","0","0","-","0","0","0","0","0","0","0","0","0","0","32","0","0","0","0","0","0","0","0","0","0","0","0","0","0","0","0","0","10","0","0","0","0","0","0","0","0","0","0","0","0","0"
"0x7fbd8325d240","      IMAD.MOV.U32 R21, RZ, RZ, 0x4","3","0","3","32768","1048576","1048576","32","32","0","-","-","-","0","0","0","0","0","-","0","0","0","0","0","0","0","0","0","0","0","0","0","1","0","0","0","1","0","1","0","0","0","0","0","0","0","0","0","0","0","0","0","0","0","0","0","0","0","0","0","0"
"0x7fbd8325d250","      S2R R11, SR_CTAID.Y","2","0","2","32768","1048576","1048576","32","32","0","-","-","-","0","0","0","0","0","-","0","0","0","0","0","0","0","0","0","0","0","0","0","0","0","0","0","0","0","2","0","0","0","0","0","0","0","0","0","0","0","0","0","0","0","0","0","0","0","0","0","0"
"0x7fbd8325d260","      S2R R0, SR_TID.Y","3","2","3","32768","1048576","1048576","32","32","0","-","-","-","0","0","0","0","0","-","0","0","0","0","0","0","0","0","0","0","0","0","0","0","0","0","0","0","1","0","0","0","0","2","0","0","0","0","0","0","0","0","0","0","0","0","0","0","0","0","0","2"
"0x7fbd8325d270","      S2R R3, SR_TID.X","1","0","1","32768","1048576","1048576","32","32","0","-","-","-","0","0","0","0","0","-","0","0","0","0","0","0","0","0","0","0","0","0","0","0","0","0","0","0","0","0","0","0","0","1","0","0","0","0","0","0","0","0","0","0","0","0","0","0","0","0","0","0"
"0x7fbd8325d280","      IMAD R11, R11, c[0x0][0x4], R0","13","11","13","32768","1048576","1048576","32","32","0","-","-","-","0","0","0","0","0","-","0","0","0","0","0","0","0","0","0","0","0","0","0","0","0","0","0","0","0","0","13","0","0","0","0","0","0","0","0","0","0","0","0","0","0","0","0","0","11","0","0","0"
"0x7fbd8325d290","      IMAD R10, R10, c[0x0][0x0], R3","3","3","3","32768","1048576","1048576","32","32","0","-","-","-","0","0","0","0","0","-","0","0","0","0","0","0","0","0","0","0","0","0","0","0","0","0","0","0","0","0","2","0","0","1","0","0","0","0","0","0","0","0","0","0","0","0","0","0","2","0","0","1"
"0x7fbd8325d2a0","      IADD3 R3, R11, -0x1, RZ","2","1","2","32768","1048576","1048576","32","32","0","-","-","-","0","0","0","0","0","-","0","0","0","0","0","0","0","0","0","0","0","0","0","0","0","0","0","0","0","1","0","0","0","1","0","0","0","0","0","0","0","0","0","0","0","0","0","0","0","0","0","1"
"0x7fbd8325d2b0","      IMAD R13, R11, R18, -c[0x0][0x170]","0","0","0","32768","1048576","1048576","32","32","0","-","-","-","0","0","0","0","0","-","0","0","0","0","0","0","0","0","0","0","0","0","0","0","0","0","0","0","0","0","0","0","0","0","0","0","0","0","0","0","0","0","0","0","0","0","0","0","0","0","0","0"
"0x7fbd8325d2c0","      IADD3 R12, R10, -0x1, RZ","1","0","1","32768","1048576","1048576","32","32","0","-","-","-","0","0","0","0","0","-","0","0","0","0","0","0","0","0","0","0","0","0","0","0","0","0","0","0","0","1","0","0","0","0","0","0","0","0","0","0","0","0","0","0","0","0","0","0","0","0","0","0"
"0x7fbd8325d2d0","      IMAD.IADD R8, R10, 0x1, R13","2","1","2","32768","1048576","1048576","32","32","0","-","-","-","0","0","0","0","0","-","0","0","0","0","0","0","0","0","0","0","0","0","0","0","0","0","0","0","0","1","0","0","0","1","0","0","0","0","0","0","0","0","0","0","0","0","0","0","0","0","0","1"
"0x7fbd8325d2e0","      ISETP.GT.AND P0, PT, R10, c[0x0][0x170], PT","0","0","0","32768","1048576","1048576","32","32","0","-","-","-","0","0","0","0","0","-","0","0","0","0","0","0","0","0","0","0","0","0","0","0","0","0","0","0","0","0","0","0","0","0","0","0","0","0","0","0","0","0","0","0","0","0","0","0","0","0","0","0"
"0x7fbd8325d2f0","      LOP3.LUT R0, R12, R3, RZ, 0xfc, !PT","0","0","0","32768","1048576","1048576","32","32","0","-","-","-","0","0","0","0","0","-","0","0","0","0","0","0","0","0","0","0","0","0","0","0","0","0","0","0","0","0","0","0","0","0","0","0","0","0","0","0","0","0","0","0","0","0","0","0","0","0","0","0"
"0x7fbd8325d300","      IMAD.WIDE R8, R8, R21, c[0x0][0x168]","1","0","1","32768","1048576","1048576","32","32","0","-","-","-","0","0","0","0","0","-","0","0","0","0","0","0","0","0","0","0","0","0","0","0","0","0","0","0","0","1","0","0","0","0","0","0","0","0","0","0","0","0","0","0","0","0","0","0","0","0","0","0"
"0x7fbd8325d310","      ISETP.GE.AND P6, PT, R10, c[0x0][0x170], PT","0","0","0","32768","1048576","1048576","32","32","0","-","-","-","0","0","0","0","0","-","0","0","0","0","0","0","0","0","0","0","0","0","0","0","0","0","0","0","0","0","0","0","0","0","0","0","0","0","0","0","0","0","0","0","0","0","0","0","0","0","0","0"
"0x7fbd8325d320","      ISETP.LT.OR P3, PT, R0, RZ, P0","0","0","0","32768","1048576","1048576","32","32","0","-","-","-","0","0","0","0","0","-","0","0","0","0","0","0","0","0","0","0","0","0","0","0","0","0","0","0","0","0","0","0","0","0","0","0","0","0","0","0","0","0","0","0","0","0","0","0","0","0","0","0"
"0x7fbd8325d330","      LOP3.LUT R0, R10, R3, RZ, 0xfc, !PT","0","0","0","32768","1048576","1048576","32","32","0","-","-","-","0","0","0","0","0","-","0","0","0","0","0","0","0","0","0","0","0","0","0","0","0","0","0","0","0","0","0","0","0","0","0","0","0","0","0","0","0","0","0","0","0","0","0","0","0","0","0","0"
"0x7fbd8325d340","      ISETP.GT.OR P3, PT, R11, c[0x0][0x174], P3","2","1","2","32768","1048576","1048576","32","32","0","-","-","-","0","0","0","0","0","-","0","0","0","0","0","0","0","0","0","0","0","0","0","0","0","0","0","0","0","1","0","0","0","1","0","0","0","0","0","0","0","0","0","0","0","0","0","0","0","0","0","1"
"0x7fbd8325d350","      ISETP.LT.OR P5, PT, R0, RZ, P6","1","1","1","32768","1048576","1048576","32","32","0","-","-","-","0","0","0","0","0","-","0","0","0","0","0","0","0","0","0","0","0","0","0","1","0","0","0","0","0","0","0","0","0","0","0","0","0","0","0","0","0","1","0","0","0","0","0","0","0","0","0","0"
"0x7fbd8325d360","      ISETP.GT.OR P5, PT, R11, c[0x0][0x174], P5","7","4","7","32768","1048576","1048576","32","32","0","-","-","-","0","0","0","0","0","-","0","0","0","0","0","0","0","0","1","0","0","0","0","3","0","0","0","0","1","1","0","0","0","1","0","0","1","0","0","0","0","2","0","0","0","0","0","0","0","0","0","1"
"0x7fbd8325d370","@!P3  LDG.E.U8 R4, [R8.64+-0x4]","2","2","2","32768","1048576","1046529","32","31","0","Global","Load","8","96068","0","162625","195393","32768","","0","0","0","0","0","0","0","0","0","0","0","0","0","0","0","0","0","0","0","0","0","0","0","2","0","0","0","0","0","0","0","0","0","0","0","0","0","0","0","0","0","2"
"0x7fbd8325d380","@!P5  LDG.E.U8 R14, [R8.64]","1","1","1","32768","1048576","1047552","32","31","0","Global","Load","8","65408","0","98176","130944","32768","","0","0","0","0","0","0","0","0","0","0","0","0","0","0","0","0","0","0","0","0","0","0","0","1","0","0","0","0","0","0","0","0","0","0","0","0","0","0","0","0","0","1"
"0x7fbd8325d390","      IADD3 R16, R10, 0x1, RZ","0","0","0","32768","1048576","1048576","32","32","0","-","-","-","0","0","0","0","0","-","0","0","0","0","0","0","0","0","0","0","0","0","0","0","0","0","0","0","0","0","0","0","0","0","0","0","0","0","0","0","0","0","0","0","0","0","0","0","0","0","0","0"
"0x7fbd8325d3a0","      CS2R R6, SRZ","0","0","0","32768","1048576","1048576","32","32","0","-","-","-","0","0","0","0","0","-","0","0","0","0","0","0","0","0","0","0","0","0","0","0","0","0","0","0","0","0","0","0","0","0","0","0","0","0","0","0","0","0","0","0","0","0","0","0","0","0","0","0"
"0x7fbd8325d3b0","      LOP3.LUT R5, R10, R11, RZ, 0xfc, !PT","0","0","0","32768","1048576","1048576","32","32","0","-","-","-","0","0","0","0","0","-","0","0","0","0","0","0","0","0","0","0","0","0","0","0","0","0","0","0","0","0","0","0","0","0","0","0","0","0","0","0","0","0","0","0","0","0","0","0","0","0","0","0"
"0x7fbd8325d3c0","      LOP3.LUT R3, R16, R3, RZ, 0xfc, !PT","4","3","4","32768","1048576","1048576","32","32","0","-","-","-","0","0","0","0","0","-","0","0","0","0","0","0","0","0","0","0","0","0","0","0","0","0","0","0","0","1","0","0","0","3","0","0","0","0","0","0","0","0","0","0","0","0","0","0","0","0","0","3"
"0x7fbd8325d3d0","      ISETP.GE.AND P1, PT, R16, c[0x0][0x170], PT","5","2","5","32768","1048576","1048576","32","32","0","-","-","-","0","0","0","0","0","-","0","0","0","0","0","0","0","0","0","0","0","0","0","2","0","0","0","0","3","0","0","0","0","0","0","0","0","0","0","0","0","2","0","0","0","0","0","0","0","0","0","0"
"0x7fbd8325d3e0","      ISETP.LT.OR P4, PT, R5, RZ, P6","0","0","0","32768","1048576","1048576","32","32","0","-","-","-","0","0","0","0","0","-","0","0","0","0","0","0","0","0","0","0","0","0","0","0","0","0","0","0","0","0","0","0","0","0","0","0","0","0","0","0","0","0","0","0","0","0","0","0","0","0","0","0"
"0x7fbd8325d3f0","      ISETP.LT.OR P2, PT, R3, RZ, P1","2","1","2","32768","1048576","1048576","32","32","0","-","-","-","0","0","0","0","0","-","0","0","0","0","0","0","0","0","0","0","0","0","0","0","0","0","0","0","0","1","0","0","0","1","0","0","0","0","0","0","0","0","0","0","0","0","0","0","0","0","0","1"
"0x7fbd8325d400","      CS2R R2, SRZ","1","1","1","32768","1048576","1048576","32","32","0","-","-","-","0","0","0","0","0","-","0","0","0","0","0","0","0","0","0","0","0","0","0","0","0","0","0","0","0","0","0","0","0","1","0","0","0","0","0","0","0","0","0","0","0","0","0","0","0","0","0","1"
"0x7fbd8325d410","      LOP3.LUT R0, R12, R11, RZ, 0xfc, !PT","0","0","0","32768","1048576","1048576","32","32","0","-","-","-","0","0","0","0","0","-","0","0","0","0","0","0","0","0","0","0","0","0","0","0","0","0","0","0","0","0","0","0","0","0","0","0","0","0","0","0","0","0","0","0","0","0","0","0","0","0","0","0"
"0x7fbd8325d420","      ISETP.GT.OR P2, PT, R11, c[0x0][0x174], P2","2","1","2","32768","1048576","1048576","32","32","0","-","-","-","0","0","0","0","0","-","0","0","0","0","0","0","0","0","0","0","0","0","0","0","0","0","0","0","0","1","0","0","0","1","0","0","0","0","0","0","0","0","0","0","0","0","0","0","0","0","0","1"
"0x7fbd8325d430","      ISETP.GE.OR P4, PT, R11, c[0x0][0x174], P4","0","0","0","32768","1048576","1048576","32","32","0","-","-","-","0","0","0","0","0","-","0","0","0","0","0","0","0","0","0","0","0","0","0","0","0","0","0","0","0","0","0","0","0","0","0","0","0","0","0","0","0","0","0","0","0","0","0","0","0","0","0","0"
"0x7fbd8325d440","      LOP3.LUT R5, R16, R11, RZ, 0xfc, !PT","5","3","5","32768","1048576","1048576","32","32","0","-","-","-","0","0","0","0","0","-","0","0","0","0","0","0","0","0","0","0","0","0","0","2","0","0","0","0","2","0","0","0","0","1","0","0","0","0","0","0","0","2","0","0","0","0","0","0","0","0","0","1"
"0x7fbd8325d450","      IADD3 R15, R11, 0x1, RZ","2","0","2","32768","1048576","1048576","32","32","0","-","-","-","0","0","0","0","0","-","0","0","0","0","0","0","0","0","0","0","0","0","0","0","0","0","0","0","0","2","0","0","0","0","0","0","0","0","0","0","0","0","0","0","0","0","0","0","0","0","0","0"
"0x7fbd8325d460","      LOP3.LUT R16, R16, R15, RZ, 0xfc, !PT","2","1","2","32768","1048576","1048576","32","32","0","-","-","-","0","0","0","0","0","-","0","0","0","0","0","0","0","0","0","0","0","0","0","0","0","0","0","0","1","0","0","0","0","1","0","0","0","0","0","0","0","0","0","0","0","0","0","0","0","0","0","1"
"0x7fbd8325d470","@!P2  LDG.E.U8 R24, [R8.64+0x4]","4","1","4","32768","1048576","1046529","32","31","0","Global","Load","8","97090","0","162625","195393","32768","","0","0","0","0","0","0","0","0","0","0","0","0","0","0","0","0","0","0","0","2","0","0","0","2","0","0","0","0","0","0","0","0","0","0","0","0","0","0","0","0","0","1"
"0x7fbd8325d480","      LOP3.LUT R17, R10, R15, RZ, 0xfc, !PT","0","0","0","32768","1048576","1048576","32","32","0","-","-","-","0","0","0","0","0","-","0","0","0","0","0","0","0","0","0","0","0","0","0","0","0","0","0","0","0","0","0","0","0","0","0","0","0","0","0","0","0","0","0","0","0","0","0","0","0","0","0","0"
"0x7fbd8325d490","      LOP3.LUT R12, R12, R15, RZ, 0xfc, !PT","4","1","4","32768","1048576","1048576","32","32","0","-","-","-","0","0","0","0","0","-","0","0","0","0","0","0","0","0","0","0","0","0","0","2","0","0","0","0","0","1","0","0","0","1","0","0","0","0","0","0","0","1","0","0","0","0","0","0","0","0","0","0"
"0x7fbd8325d4a0","      ISETP.LT.OR P6, PT, R17, RZ, P6","0","0","0","32768","1048576","1048576","32","32","0","-","-","-","0","0","0","0","0","-","0","0","0","0","0","0","0","0","0","0","0","0","0","0","0","0","0","0","0","0","0","0","0","0","0","0","0","0","0","0","0","0","0","0","0","0","0","0","0","0","0","0"
"0x7fbd8325d4b0","      IMAD R13, R18, 0x2, R13","0","0","0","32768","1048576","1048576","32","32","0","-","-","-","0","0","0","0","0","-","0","0","0","0","0","0","0","0","0","0","0","0","0","0","0","0","0","0","0","0","0","0","0","0","0","0","0","0","0","0","0","0","0","0","0","0","0","0","0","0","0","0"
"0x7fbd8325d4c0","      ISETP.GE.OR P6, PT, R15, c[0x0][0x174], P6","2","0","2","32768","1048576","1048576","32","32","0","-","-","-","0","0","0","0","0","-","0","0","0","0","0","0","0","0","0","0","0","0","0","0","0","0","0","0","0","0","0","0","0","2","0","0","0","0","0","0","0","0","0","0","0","0","0","0","0","0","0","0"
"0x7fbd8325d4d0","      IMAD.IADD R13, R10, 0x1, R13","0","0","0","32768","1048576","1048576","32","32","0","-","-","-","0","0","0","0","0","-","0","0","0","0","0","0","0","0","0","0","0","0","0","0","0","0","0","0","0","0","0","0","0","0","0","0","0","0","0","0","0","0","0","0","0","0","0","0","0","0","0","0"
"0x7fbd8325d4e0","@!P3  I2F.F64.U16 R2, R4","14515","13902","14515","32768","1048576","1046529","32","31","0","-","-","-","0","0","0","0","0","-","0","0","0","0","0","0","0","0","0","0","0","0","158","0","0","0","0","0","200","0","0","0","14157","0","0","0","0","0","0","0","143","0","0","0","0","0","0","0","0","0","13759","0"
"0x7fbd8325d4f0","      ISETP.LT.OR P3, PT, R0, RZ, P0","1","0","1","32768","1048576","1048576","32","32","0","-","-","-","0","0","0","0","0","-","0","0","0","0","0","0","0","0","0","0","0","0","0","0","0","0","0","0","0","1","0","0","0","0","0","0","0","0","0","0","0","0","0","0","0","0","0","0","0","0","0","0"
"0x7fbd8325d500","      IMAD R0, R11, c[0x0][0x170], R10","2","1","2","32768","1048576","1048576","32","32","0","-","-","-","0","0","0","0","0","-","0","0","0","0","0","0","0","0","0","0","0","0","0","0","0","0","1","0","0","1","0","0","0","0","0","0","0","0","0","0","0","0","0","0","1","0","0","0","0","0","0","0"
"0x7fbd8325d510","      ISETP.GE.OR P3, PT, R11, c[0x0][0x174], P3","2","0","2","32768","1048576","1048576","32","32","0","-","-","-","0","0","0","0","0","-","0","0","0","0","0","0","0","0","0","0","0","0","0","0","0","0","0","0","1","1","0","0","0","0","0","0","0","0","0","0","0","0","0","0","0","0","0","0","0","0","0","0"
"0x7fbd8325d520","@!P5  I2F.F64.U16 R6, R14","4900","4704","4900","32768","1048576","1047552","32","31","0","-","-","-","0","0","0","0","0","-","0","0","0","0","0","0","0","0","0","0","0","0","0","0","0","0","0","0","69","0","0","0","4830","1","0","0","0","0","0","0","0","0","0","0","0","0","0","0","0","0","4703","1"
"0x7fbd8325d530","      ISETP.LT.OR P5, PT, R5, RZ, P1","0","0","0","32768","1048576","1048576","32","32","0","-","-","-","0","0","0","0","0","-","0","0","0","0","0","0","0","0","0","0","0","0","0","0","0","0","0","0","0","0","0","0","0","0","0","0","0","0","0","0","0","0","0","0","0","0","0","0","0","0","0","0"
"0x7fbd8325d540","      IMAD.WIDE R4, R0, R21, c[0x0][0x168]","4","0","4","32768","1048576","1048576","32","32","0","-","-","-","0","0","0","0","0","-","0","0","0","0","0","0","0","0","0","0","0","0","0","0","0","0","0","0","0","4","0","0","0","0","0","0","0","0","0","0","0","0","0","0","0","0","0","0","0","0","0","0"
"0x7fbd8325d550","      ISETP.GE.OR P5, PT, R11, c[0x0][0x174], P5","8","6","8","32768","1048576","1048576","32","32","0","-","-","-","0","0","0","0","0","-","0","0","0","0","0","0","0","0","0","0","0","0","0","0","0","0","0","0","0","2","0","0","0","6","0","0","0","0","0","0","0","0","0","0","0","0","0","0","0","0","0","6"
"0x7fbd8325d560","@!P4  LDG.E.U8 R11, [R4.64]","1","1","1","32768","1048576","1048576","32","32","0","Global","Load","8","65536","0","98304","131072","32768","","0","0","0","0","0","0","0","0","1","0","0","0","0","0","0","0","0","0","0","0","0","0","0","0","0","0","1","0","0","0","0","0","0","0","0","0","0","0","0","0","0","0"
"0x7fbd8325d570","      ISETP.LT.OR P1, PT, R16, RZ, P1","0","0","0","32768","1048576","1048576","32","32","0","-","-","-","0","0","0","0","0","-","0","0","0","0","0","0","0","0","0","0","0","0","0","0","0","0","0","0","0","0","0","0","0","0","0","0","0","0","0","0","0","0","0","0","0","0","0","0","0","0","0","0"
"0x7fbd8325d580","      ISETP.LT.OR P0, PT, R12, RZ, P0","1","0","1","32768","1048576","1048576","32","32","0","-","-","-","0","0","0","0","0","-","0","0","0","0","0","0","0","0","0","0","0","0","0","0","0","0","0","0","0","1","0","0","0","0","0","0","0","0","0","0","0","0","0","0","0","0","0","0","0","0","0","0"
"0x7fbd8325d590","@!P3  LDG.E.U8 R25, [R4.64+-0x4]","1","0","1","32768","1048576","1047552","32","31","0","Global","Load","8","96256","0","162816","195584","32768","","0","0","0","0","0","0","0","0","0","0","0","0","0","0","0","0","0","0","0","1","0","0","0","0","0","0","0","0","0","0","0","0","0","0","0","0","0","0","0","0","0","0"
"0x7fbd8325d5a0","      ISETP.GE.OR P1, PT, R15, c[0x0][0x174], P1","0","0","0","32768","1048576","1048576","32","32","0","-","-","-","0","0","0","0","0","-","0","0","0","0","0","0","0","0","0","0","0","0","0","0","0","0","0","0","0","0","0","0","0","0","0","0","0","0","0","0","0","0","0","0","0","0","0","0","0","0","0","0"
"0x7fbd8325d5b0","      ISETP.GE.OR P0, PT, R15, c[0x0][0x174], P0","4","1","4","32768","1048576","1048576","32","32","0","-","-","-","0","0","0","0","0","-","0","0","0","0","0","0","0","0","0","0","0","0","0","0","0","0","0","0","0","2","0","0","0","2","0","0","0","0","0","0","0","0","0","0","0","0","0","0","0","0","0","1"
"0x7fbd8325d5c0","      IMAD.WIDE R20, R13, R21, c[0x0][0x168]","0","0","0","32768","1048576","1048576","32","32","0","-","-","-","0","0","0","0","0","-","0","0","0","0","0","0","0","0","0","0","0","0","0","0","0","0","0","0","0","0","0","0","0","0","0","0","0","0","0","0","0","0","0","0","0","0","0","0","0","0","0","0"
"0x7fbd8325d5d0","@!P5  LDG.E.U8 R27, [R4.64+0x4]","2","0","2","32768","1048576","1047552","32","31","0","Global","Load","8","97280","0","162816","195584","32768","","0","0","0","0","0","0","0","0","0","0","0","0","0","0","0","0","0","0","0","2","0","0","0","0","0","0","0","0","0","0","0","0","0","0","0","0","0","0","0","0","0","0"
"0x7fbd8325d5e0","@!P6  LDG.E.U8 R30, [R20.64]","4","4","4","32768","1048576","1047552","32","31","0","Global","Load","8","65472","0","98176","130944","32768","","0","0","0","0","0","0","0","0","0","0","0","0","0","0","0","0","0","0","0","0","0","0","0","4","0","0","0","0","0","0","0","0","0","0","0","0","0","0","0","0","0","4"
"0x7fbd8325d5f0","@!P1  LDG.E.U8 R31, [R20.64+0x4]","1","1","1","32768","1048576","1046529","32","31","0","Global","Load","8","97185","0","162625","195393","32768","","0","0","0","0","0","0","0","0","0","0","0","0","0","0","0","0","0","0","0","0","0","0","0","1","0","0","0","0","0","0","0","0","0","0","0","0","0","0","0","0","0","1"
"0x7fbd8325d600","@!P0  LDG.E.U8 R26, [R20.64+-0x4]","2","1","2","32768","1048576","1046529","32","31","0","Global","Load","8","96162","0","162625","195393","32768","","0","0","0","0","0","0","0","0","0","0","0","0","0","0","0","0","0","0","0","1","0","0","0","1","0","0","0","0","0","0","0","0","0","0","0","0","0","0","0","0","0","1"
"0x7fbd8325d610","      CS2R R14, SRZ","139","134","139","32768","1048576","1048576","32","32","0","-","-","-","0","0","0","0","0","-","0","0","0","0","0","0","0","0","0","0","0","0","0","0","0","0","0","0","0","1","138","0","0","0","0","0","0","0","0","0","0","0","0","0","0","0","0","0","134","0","0","0"
"0x7fbd8325d620","      CS2R R16, SRZ","1","0","1","32768","1048576","1048576","32","32","0","-","-","-","0","0","0","0","0","-","0","0","0","0","0","0","0","0","0","0","0","0","0","0","0","0","0","0","0","1","0","0","0","0","0","0","0","0","0","0","0","0","0","0","0","0","0","0","0","0","0","0"
"0x7fbd8325d630","@!P2  I2F.F64.U16 R14, R24","1777","1722","1777","32768","1048576","1046529","32","31","0","-","-","-","0","0","0","0","0","-","0","0","0","0","0","0","0","0","0","0","0","0","0","0","0","0","0","0","24","0","0","0","1752","1","0","0","0","0","0","0","0","0","0","0","0","0","0","0","0","0","1721","1"
"0x7fbd8325d640","      DFMA R22, R6, 2, R2","567","558","567","32768","1048576","1048576","32","32","0","-","-","-","0","0","0","0","0","-","0","0","0","0","0","0","0","0","0","0","0","0","0","0","0","0","0","0","7","0","5","0","555","0","0","0","0","0","0","0","0","0","0","0","0","0","0","0","5","0","553","0"
"0x7fbd8325d650","      CS2R R18, SRZ","2","0","2","32768","1048576","1048576","32","32","0","-","-","-","0","0","0","0","0","-","0","0","0","0","0","0","0","0","0","0","0","0","0","0","0","0","0","0","0","2","0","0","0","0","0","0","0","0","0","0","0","0","0","0","0","0","0","0","0","0","0","0"
"0x7fbd8325d660","      MUFU.RCP64H R5, 9","7","7","7","32768","1048576","1048576","32","32","0","-","-","-","0","0","0","0","0","-","0","0","0","0","0","0","0","0","0","0","0","0","0","0","0","0","0","0","0","0","0","0","0","7","0","0","0","0","0","0","0","0","0","0","0","0","0","0","0","0","0","7"
"0x7fbd8325d670","      CS2R R12, SRZ","2","0","2","32768","1048576","1048576","32","32","0","-","-","-","0","0","0","0","0","-","0","0","0","0","0","0","0","0","0","0","0","0","0","0","0","0","0","0","0","2","0","0","0","0","0","0","0","0","0","0","0","0","0","0","0","0","0","0","0","0","0","0"
"0x7fbd8325d680","      CS2R R8, SRZ","1","0","1","32768","1048576","1048576","32","32","0","-","-","-","0","0","0","0","0","-","0","0","0","0","0","0","0","0","0","0","0","0","0","0","0","0","0","0","0","1","0","0","0","0","0","0","0","0","0","0","0","0","0","0","0","0","0","0","0","0","0","0"
"0x7fbd8325d690","      IMAD.MOV.U32 R20, RZ, RZ, 0x0","0","0","0","32768","1048576","1048576","32","32","0","-","-","-","0","0","0","0","0","-","0","0","0","0","0","0","0","0","0","0","0","0","0","0","0","0","0","0","0","0","0","0","0","0","0","0","0","0","0","0","0","0","0","0","0","0","0","0","0","0","0","0"
"0x7fbd8325d6a0","      IMAD.MOV.U32 R21, RZ, RZ, 0x40220000","1","1","1","32768","1048576","1048576","32","32","0","-","-","-","0","0","0","0","0","-","0","0","0","0","0","0","0","0","0","0","0","0","0","0","0","0","0","0","0","0","0","0","0","1","0","0","0","0","0","0","0","0","0","0","0","0","0","0","0","0","0","1"
"0x7fbd8325d6b0","      DADD R28, R22, R14","861","829","861","32768","1048576","1048576","32","32","0","-","-","-","0","0","0","0","0","-","0","0","0","0","0","0","0","0","0","0","0","0","0","0","0","0","0","0","3","1","397","0","460","0","0","0","0","0","0","0","0","0","0","0","0","0","0","0","382","0","447","0"
"0x7fbd8325d6c0","      IMAD.MOV.U32 R4, RZ, RZ, 0x1","0","0","0","32768","1048576","1048576","32","32","0","-","-","-","0","0","0","0","0","-","0","0","0","0","0","0","0","0","0","0","0","0","0","0","0","0","0","0","0","0","0","0","0","0","0","0","0","0","0","0","0","0","0","0","0","0","0","0","0","0","0","0"
"0x7fbd8325d6d0","      DFMA R2, RZ, R6, R2","212","201","212","32768","1048576","1048576","32","32","0","-","-","-","0","0","0","0","0","-","0","0","0","0","0","0","0","0","0","0","0","0","0","0","0","0","0","0","2","1","0","0","208","1","0","0","0","0","0","0","0","0","0","0","0","0","0","0","0","0","200","1"
"0x7fbd8325d6e0","      DADD R14, R2, -R14","532","490","532","32768","1048576","1048576","32","32","0","-","-","-","0","0","0","0","0","-","0","0","0","0","0","0","0","0","0","0","0","0","0","0","0","0","0","0","0","0","446","0","78","8","0","0","0","0","0","0","0","0","0","0","0","0","0","0","412","0","71","7"
"0x7fbd8325d6f0","      UMOV UR4, URZ","2","0","2","32768","1048576","1048576","32","32","0","-","-","-","0","0","0","0","0","-","0","0","0","0","0","0","0","0","0","0","0","0","0","0","0","0","0","0","0","2","0","0","0","0","0","0","0","0","0","0","0","0","0","0","0","0","0","0","0","0","0","0"
"0x7fbd8325d700","      BSSY B0, 0x7fbd8325d9d0","1","0","1","32768","1048576","1048576","32","32","0","-","-","-","0","0","0","0","0","-","0","0","0","0","0","0","0","0","0","0","0","0","0","0","0","0","0","0","0","1","0","0","0","0","0","0","0","0","0","0","0","0","0","0","0","0","0","0","0","0","0","0"
"0x7fbd8325d710","@!P4  I2F.F64.U16 R10, R11","293","271","293","32768","1048576","1048576","32","32","0","-","-","-","0","0","0","0","0","-","0","0","0","0","0","0","0","0","0","0","0","0","0","0","0","0","0","0","2","1","0","0","290","0","0","0","0","0","0","0","0","0","0","0","0","0","0","0","0","0","271","0"
"0x7fbd8325d720","@!P3  I2F.F64.U16 R16, R25","207","194","207","32768","1048576","1047552","32","31","0","-","-","-","0","0","0","0","0","-","0","0","0","0","0","0","0","0","0","0","0","0","0","0","0","0","0","0","1","0","0","0","197","9","0","0","0","0","0","0","0","0","0","0","0","0","0","0","0","0","187","7"
"0x7fbd8325d730","@!P4  DMUL R12, RZ, R10","301","281","301","32768","1048576","1048576","32","32","0","-","-","-","0","0","0","0","0","-","0","0","0","0","0","0","0","0","0","0","0","0","0","0","0","0","0","0","0","1","214","0","86","0","0","0","0","0","0","0","0","0","0","0","0","0","0","0","199","0","82","0"
"0x7fbd8325d740","@!P5  I2F.F64.U16 R18, R27","270","252","270","32768","1048576","1047552","32","31","0","-","-","-","0","0","0","0","0","-","0","0","0","0","0","0","0","0","0","0","0","0","0","0","0","0","0","0","2","1","0","0","256","11","0","0","0","0","0","0","0","0","0","0","0","0","0","0","0","0","241","11"
"0x7fbd8325d750","      CS2R R10, SRZ","79","77","79","32768","1048576","1048576","32","32","0","-","-","-","0","0","0","0","0","-","0","0","0","0","0","0","0","0","0","0","0","0","0","0","0","0","0","0","0","0","79","0","0","0","0","0","0","0","0","0","0","0","0","0","0","0","0","0","77","0","0","0"
"0x7fbd8325d760","      DFMA R24, R4, -R20, 1","336","321","336","32768","1048576","1048576","32","32","0","-","-","-","0","0","0","0","0","-","0","0","0","0","0","0","0","0","0","0","0","0","0","0","0","0","0","0","2","3","0","0","331","0","0","0","0","0","0","0","0","0","0","0","0","0","0","0","0","0","321","0"
"0x7fbd8325d770","      DFMA R28, RZ, R16, R28","292","277","292","32768","1048576","1048576","32","32","0","-","-","-","0","0","0","0","0","-","0","0","0","0","0","0","0","0","0","0","0","0","0","0","0","0","0","0","3","0","0","0","287","2","0","0","0","0","0","0","0","0","0","0","0","0","0","0","0","0","275","2"
"0x7fbd8325d780","@!P1  I2F.F64.U16 R22, R31","339","328","339","32768","1048576","1046529","32","31","0","-","-","-","0","0","0","0","0","-","0","0","0","0","0","0","0","0","0","0","0","0","0","0","0","0","0","0","3","2","0","0","333","1","0","0","0","0","0","0","0","0","0","0","0","0","0","0","0","0","327","1"
"0x7fbd8325d790","@!P6  I2F.F64.U16 R8, R30","337","328","337","32768","1048576","1047552","32","31","0","-","-","-","0","0","0","0","0","-","0","0","0","0","0","0","0","0","0","0","0","0","0","0","0","0","0","0","2","0","0","0","325","10","0","0","0","0","0","0","0","0","0","0","0","0","0","0","0","0","320","8"
"0x7fbd8325d7a0","      DADD R28, R28, R12","292","279","292","32768","1048576","1048576","32","32","0","-","-","-","0","0","0","0","0","-","0","0","0","0","0","0","0","0","0","0","0","0","0","0","0","0","0","0","5","0","1","0","286","0","0","0","0","0","0","0","0","0","0","0","0","0","0","0","1","0","278","0"
"0x7fbd8325d7b0","@!P0  I2F.F64.U16 R10, R26","275","269","275","32768","1048576","1046529","32","31","0","-","-","-","0","0","0","0","0","-","0","0","0","0","0","0","0","0","0","0","0","0","0","0","0","0","0","0","1","0","0","0","267","7","0","0","0","0","0","0","0","0","0","0","0","0","0","0","0","0","262","7"
"0x7fbd8325d7c0","      DFMA R24, R24, R24, R24","282","278","282","32768","1048576","1048576","32","32","0","-","-","-","0","0","0","0","0","-","0","0","0","0","0","0","0","0","0","0","0","0","0","0","0","0","0","0","2","1","0","0","279","0","0","0","0","0","0","0","0","0","0","0","0","0","0","0","0","0","278","0"
"0x7fbd8325d7d0","      DFMA R28, RZ, R18, R28","270","263","270","32768","1048576","1048576","32","32","0","-","-","-","0","0","0","0","0","-","0","0","0","0","0","0","0","0","0","0","0","0","0","0","0","0","0","0","5","0","5","0","258","2","0","0","0","0","0","0","0","0","0","0","0","0","0","0","5","0","256","2"
"0x7fbd8325d7e0","      DFMA R24, R4, R24, R4","256","249","256","32768","1048576","1048576","32","32","0","-","-","-","0","0","0","0","0","-","0","0","0","0","0","0","0","0","0","0","0","0","0","0","0","0","0","0","3","2","133","0","115","3","0","0","0","0","0","0","0","0","0","0","0","0","0","0","133","0","113","3"
"0x7fbd8325d7f0","      IMAD.MOV.U32 R4, RZ, RZ, 0x0","281","271","281","32768","1048576","1048576","32","32","0","-","-","-","0","0","0","0","0","-","0","0","0","0","0","0","0","0","0","0","0","0","0","0","0","0","0","0","0","0","281","0","0","0","0","0","0","0","0","0","0","0","0","0","0","0","0","0","271","0","0","0"
"0x7fbd8325d800","      IMAD.MOV.U32 R5, RZ, RZ, -0x80000000","4","1","4","32768","1048576","1048576","32","32","0","-","-","-","0","0","0","0","0","-","0","0","0","0","0","0","0","0","0","0","0","0","0","0","0","0","0","0","0","3","0","0","0","1","0","0","0","0","0","0","0","0","0","0","0","0","0","0","0","0","0","1"
"0x7fbd8325d810","@!P1  DADD R4, -RZ, -R22","118","116","118","32768","1048576","1046529","32","31","0","-","-","-","0","0","0","0","0","-","0","0","0","0","0","0","0","0","0","0","0","0","0","0","0","0","0","0","1","1","0","0","116","0","0","0","0","0","0","0","0","0","0","0","0","0","0","0","0","0","116","0"
"0x7fbd8325d820","      DADD R22, R8, R8","204","203","204","32768","1048576","1048576","32","32","0","-","-","-","0","0","0","0","0","-","0","0","0","0","0","0","0","0","0","0","0","0","0","0","0","0","0","0","1","0","0","0","199","4","0","0","0","0","0","0","0","0","0","0","0","0","0","0","0","0","199","4"
"0x7fbd8325d830","      DADD R28, R28, -R10","260","253","260","32768","1048576","1048576","32","32","0","-","-","-","0","0","0","0","0","-","0","0","0","0","0","0","0","0","0","0","0","0","0","0","0","0","0","0","3","2","0","0","250","5","0","0","0","0","0","0","0","0","0","0","0","0","0","0","0","0","248","5"
"0x7fbd8325d840","      DFMA R20, R24, -R20, 1","230","225","230","32768","1048576","1048576","32","32","0","-","-","-","0","0","0","0","0","-","0","0","0","0","0","0","0","0","0","0","0","0","0","0","0","0","0","0","2","2","0","0","224","2","0","0","0","0","0","0","0","0","0","0","0","0","0","0","0","0","223","2"
"0x7fbd8325d850","      DADD R28, R28, -R22","267","259","267","32768","1048576","1048576","32","32","0","-","-","-","0","0","0","0","0","-","0","0","0","0","0","0","0","0","0","0","0","0","0","0","0","0","0","0","2","1","153","0","107","4","0","0","0","0","0","0","0","0","0","0","0","0","0","0","149","0","106","4"
"0x7fbd8325d860","      DFMA R22, R24, R20, R24","258","253","258","32768","1048576","1048576","32","32","0","-","-","-","0","0","0","0","0","-","0","0","0","0","0","0","0","0","0","0","0","0","0","0","0","0","0","0","1","1","132","0","120","4","0","0","0","0","0","0","0","0","0","0","0","0","0","0","130","0","119","4"
"0x7fbd8325d870","      DADD R20, R28, R4","266","263","266","32768","1048576","1048576","32","32","0","-","-","-","0","0","0","0","0","-","0","0","0","0","0","0","0","0","0","0","0","0","0","0","0","0","0","0","1","0","125","0","133","7","0","0","0","0","0","0","0","0","0","0","0","0","0","0","123","0","133","7"
"0x7fbd8325d880","      DMUL R2, R20, R22","393","379","393","32768","1048576","1048576","32","32","0","-","-","-","0","0","0","0","0","-","0","0","0","0","0","0","0","0","0","0","0","0","0","0","0","0","0","0","0","0","334","0","54","5","0","0","0","0","0","0","0","0","0","0","0","0","0","0","320","0","54","5"
"0x7fbd8325d890","      DFMA R6, R2, -9, R20","392","379","392","32768","1048576","1048576","32","32","0","-","-","-","0","0","0","0","0","-","0","0","0","0","0","0","0","0","0","0","0","0","0","0","0","0","0","0","0","0","338","0","49","5","0","0","0","0","0","0","0","0","0","0","0","0","0","0","325","0","49","5"
"0x7fbd8325d8a0","      DFMA R2, R22, R6, R2","413","400","413","32768","1048576","1048576","32","32","0","-","-","-","0","0","0","0","0","-","0","0","0","0","0","0","0","0","0","0","0","0","0","0","0","0","0","0","0","1","360","0","49","3","0","0","0","0","0","0","0","0","0","0","0","0","0","0","348","0","49","3"
"0x7fbd8325d8b0","      DFMA R14, R16, 2, R14","162","161","162","32768","1048576","1048576","32","32","0","-","-","-","0","0","0","0","0","-","0","0","0","0","0","0","0","0","0","0","0","0","0","0","0","0","0","0","1","0","0","0","159","2","0","0","0","0","0","0","0","0","0","0","0","0","0","0","0","0","159","2"
"0x7fbd8325d8c0","      DADD R18, R18, R18","154","151","154","32768","1048576","1048576","32","32","0","-","-","-","0","0","0","0","0","-","0","0","0","0","0","0","0","0","0","0","0","0","0","0","0","0","0","0","1","2","0","0","147","4","0","0","0","0","0","0","0","0","0","0","0","0","0","0","0","0","147","4"
"0x7fbd8325d8d0","      FFMA R6, RZ, 2.53125, R3","45","44","45","32768","1048576","1048576","32","32","0","-","-","-","0","0","0","0","0","-","0","0","0","0","0","0","0","0","0","0","0","0","0","0","0","0","0","0","0","0","44","0","0","1","0","0","0","0","0","0","0","0","0","0","0","0","0","0","43","0","0","1"
"0x7fbd8325d8e0","      DADD R14, R14, R12","200","195","200","32768","1048576","1048576","32","32","0","-","-","-","0","0","0","0","0","-","0","0","0","0","0","0","0","0","0","0","0","0","0","0","0","0","0","0","3","1","120","0","76","0","0","0","0","0","0","0","0","0","0","0","0","0","0","0","120","0","75","0"
"0x7fbd8325d8f0","      FSETP.GTU.AND P1, PT, |R21|, 6.4490557925156731238e-37, PT","2","0","2","32768","1048576","1048576","32","32","0","-","-","-","0","0","0","0","0","-","0","0","0","0","0","0","0","0","0","0","0","0","0","0","0","0","0","0","0","2","0","0","0","0","0","0","0","0","0","0","0","0","0","0","0","0","0","0","0","0","0","0"
"0x7fbd8325d900","      FSETP.GT.AND P0, PT, |R6|, 4.8978884574313168671e-40, PT","1","1","1","32768","1048576","1048576","32","32","0","-","-","-","0","0","0","0","0","-","0","0","0","0","0","0","0","0","0","0","0","0","0","0","0","0","0","0","0","0","0","0","0","1","0","0","0","0","0","0","0","0","0","0","0","0","0","0","0","0","0","1"
"0x7fbd8325d910","      DADD R14, R14, -R18","374","360","374","32768","1048576","1048576","32","32","0","-","-","-","0","0","0","0","0","-","0","0","0","0","0","0","0","0","0","0","0","0","0","0","0","0","0","0","0","1","314","0","59","0","0","0","0","0","0","0","0","0","0","0","0","0","0","0","301","0","59","0"
"0x7fbd8325d920","      DADD R14, R14, R10","388","374","388","32768","1048576","1048576","32","32","0","-","-","-","0","0","0","0","0","-","0","0","0","0","0","0","0","0","0","0","0","0","0","0","0","0","0","0","0","1","320","0","65","2","0","0","0","0","0","0","0","0","0","0","0","0","0","0","308","0","64","2"
"0x7fbd8325d930","      IMAD.MOV.U32 R7, RZ, RZ, 0x40220000","1","0","1","32768","1048576","1048576","32","32","0","-","-","-","0","0","0","0","0","-","0","0","0","0","0","0","0","0","0","0","0","0","0","0","0","0","0","0","0","1","0","0","0","0","0","0","0","0","0","0","0","0","0","0","0","0","0","0","0","0","0","0"
"0x7fbd8325d940","      DFMA R8, RZ, R8, R14","333","312","333","32768","1048576","1048576","32","32","0","-","-","-","0","0","0","0","0","-","0","0","0","0","0","0","0","0","0","0","0","0","0","0","0","0","0","0","2","1","282","0","45","3","0","0","0","0","0","0","0","0","0","0","0","0","0","0","265","0","44","3"
"0x7fbd8325d950","@P0   BRA P1, 0x7fbd8325d9c0","0","0","0","32768","1048576","2048","32","0","128","-","-","-","0","0","0","0","0","-","0","0","0","0","0","0","0","0","0","0","0","0","0","0","0","0","0","0","0","0","0","0","0","0","0","0","0","0","0","0","0","0","0","0","0","0","0","0","0","0","0","0"
"0x7fbd8325d960","      IMAD.MOV.U32 R26, RZ, RZ, R20","3","3","3","32768","1046528","1046528","31","31","0","-","-","-","0","0","0","0","0","-","0","0","0","0","0","0","0","0","0","0","0","0","0","0","0","0","0","0","0","0","0","0","0","3","0","0","0","0","0","0","0","0","0","0","0","0","0","0","0","0","0","3"
"0x7fbd8325d970","      MOV R10, 0x7a0","1","0","1","32768","1046528","1046528","31","31","0","-","-","-","0","0","0","0","0","-","0","0","0","0","0","0","0","0","0","0","0","0","0","0","0","0","0","0","0","1","0","0","0","0","0","0","0","0","0","0","0","0","0","0","0","0","0","0","0","0","0","0"
"0x7fbd8325d980","      IMAD.MOV.U32 R27, RZ, RZ, R21","1","0","1","32768","1046528","1046528","31","31","0","-","-","-","0","0","0","0","0","-","0","0","0","0","0","0","0","0","0","0","0","0","0","0","0","0","0","0","0","1","0","0","0","0","0","0","0","0","0","0","0","0","0","0","0","0","0","0","0","0","0","0"
"0x7fbd8325d990","      CALL.REL.NOINC 0x7fbd8325dbe0","241","232","241","32768","1046528","1046528","31","31","0","-","-","-","0","0","0","0","0","-","0","0","0","0","0","0","0","0","0","0","0","0","0","0","0","0","0","0","0","0","241","0","0","0","0","0","0","0","0","0","0","0","0","0","0","0","0","0","232","0","0","0"
"0x7fbd8325d9a0","      IMAD.MOV.U32 R2, RZ, RZ, R18","112","106","112","32768","1046528","1046528","31","31","0","-","-","-","0","0","0","0","0","-","0","0","0","0","0","0","0","0","0","0","0","0","0","0","0","0","0","1","0","0","109","0","0","2","0","0","0","0","0","0","0","0","0","0","0","1","0","0","103","0","0","2"
"0x7fbd8325d9b0","      IMAD.MOV.U32 R3, RZ, RZ, R19","0","0","0","32768","1046528","1046528","31","31","0","-","-","-","0","0","0","0","0","-","0","0","0","0","0","0","0","0","0","0","0","0","0","0","0","0","0","0","0","0","0","0","0","0","0","0","0","0","0","0","0","0","0","0","0","0","0","0","0","0","0","0"
"0x7fbd8325d9c0","      BSYNC B0","1","1","1","32896","1048576","1048576","31","31","0","-","-","-","0","0","0","0","0","-","0","0","0","0","0","0","0","0","0","0","0","0","0","0","0","0","0","0","0","0","0","0","0","1","0","0","0","0","0","0","0","0","0","0","0","0","0","0","0","0","0","1"
"0x7fbd8325d9d0","      MUFU.RCP64H R11, 9","5","5","5","32768","1048576","1048576","32","32","0","-","-","-","0","0","0","0","0","-","0","0","0","0","0","0","0","5","0","0","0","0","0","0","0","0","0","0","0","0","0","0","0","0","0","5","0","0","0","0","0","0","0","0","0","0","0","0","0","0","0","0"
"0x7fbd8325d9e0","      IMAD.MOV.U32 R12, RZ, RZ, 0x0","0","0","0","32768","1048576","1048576","32","32","0","-","-","-","0","0","0","0","0","-","0","0","0","0","0","0","0","0","0","0","0","0","0","0","0","0","0","0","0","0","0","0","0","0","0","0","0","0","0","0","0","0","0","0","0","0","0","0","0","0","0","0"
"0x7fbd8325d9f0","      BSSY B0, 0x7fbd8325db60","0","0","0","32768","1048576","1048576","32","32","0","-","-","-","0","0","0","0","0","-","0","0","0","0","0","0","0","0","0","0","0","0","0","0","0","0","0","0","0","0","0","0","0","0","0","0","0","0","0","0","0","0","0","0","0","0","0","0","0","0","0","0"
"0x7fbd8325da00","      IMAD.MOV.U32 R13, RZ, RZ, 0x40220000","1","0","1","32768","1048576","1048576","32","32","0","-","-","-","0","0","0","0","0","-","0","0","0","0","0","0","0","0","0","0","0","0","0","0","0","0","0","0","0","1","0","0","0","0","0","0","0","0","0","0","0","0","0","0","0","0","0","0","0","0","0","0"
"0x7fbd8325da10","      IMAD.MOV.U32 R10, RZ, RZ, 0x1","0","0","0","32768","1048576","1048576","32","32","0","-","-","-","0","0","0","0","0","-","0","0","0","0","0","0","0","0","0","0","0","0","0","0","0","0","0","0","0","0","0","0","0","0","0","0","0","0","0","0","0","0","0","0","0","0","0","0","0","0","0","0"
"0x7fbd8325da20","      DFMA R14, R10, -R12, 1","26","25","26","32768","1048576","1048576","32","32","0","-","-","-","0","0","0","0","0","-","0","0","0","0","0","0","0","0","0","0","0","0","0","0","0","0","0","0","1","0","1","0","22","2","0","0","0","0","0","0","0","0","0","0","0","0","0","0","1","0","22","2"
"0x7fbd8325da30","      DFMA R14, R14, R14, R14","110","103","110","32768","1048576","1048576","32","32","0","-","-","-","0","0","0","0","0","-","0","0","0","0","0","0","0","0","0","0","0","0","0","0","0","0","0","0","0","4","102","0","2","2","0","0","0","0","0","0","0","0","0","0","0","0","0","0","99","0","2","2"
"0x7fbd8325da40","      DFMA R14, R10, R14, R10","98","96","98","32768","1048576","1048576","32","32","0","-","-","-","0","0","0","0","0","-","0","0","0","0","0","0","0","0","0","0","0","0","0","0","0","0","0","0","0","0","88","0","4","6","0","0","0","0","0","0","0","0","0","0","0","0","0","0","86","0","4","6"
"0x7fbd8325da50","      DADD R10, R8, R4","25","25","25","32768","1048576","1048576","32","32","0","-","-","-","0","0","0","0","0","-","0","0","0","0","0","0","0","0","0","0","0","0","0","0","0","0","0","0","0","0","0","0","25","0","0","0","0","0","0","0","0","0","0","0","0","0","0","0","0","0","25","0"
"0x7fbd8325da60","      DFMA R12, R14, -R12, 1","68","66","68","32768","1048576","1048576","32","32","0","-","-","-","0","0","0","0","0","-","0","0","0","0","0","0","0","0","0","0","0","0","0","0","0","0","0","0","0","0","65","0","2","1","0","0","0","0","0","0","0","0","0","0","0","0","0","0","63","0","2","1"
"0x7fbd8325da70","      DFMA R12, R14, R12, R14","65","65","65","32768","1048576","1048576","32","32","0","-","-","-","0","0","0","0","0","-","0","0","0","0","0","0","0","0","0","0","0","0","0","0","0","0","0","0","0","0","65","0","0","0","0","0","0","0","0","0","0","0","0","0","0","0","0","0","65","0","0","0"
"0x7fbd8325da80","      FSETP.GTU.AND P1, PT, |R11|, 6.4490557925156731238e-37, PT","0","0","0","32768","1048576","1048576","32","32","0","-","-","-","0","0","0","0","0","-","0","0","0","0","0","0","0","0","0","0","0","0","0","0","0","0","0","0","0","0","0","0","0","0","0","0","0","0","0","0","0","0","0","0","0","0","0","0","0","0","0","0"
"0x7fbd8325da90","      DMUL R4, R12, R10","71","71","71","32768","1048576","1048576","32","32","0","-","-","-","0","0","0","0","0","-","0","0","0","0","0","0","0","0","0","0","0","0","0","0","0","0","0","0","0","0","65","0","4","2","0","0","0","0","0","0","0","0","0","0","0","0","0","0","65","0","4","2"
"0x7fbd8325daa0","      DFMA R8, R4, -9, R10","50","48","50","32768","1048576","1048576","32","32","0","-","-","-","0","0","0","0","0","-","0","0","0","0","0","0","0","0","0","0","0","0","0","0","0","0","0","0","0","0","46","0","3","1","0","0","0","0","0","0","0","0","0","0","0","0","0","0","44","0","3","1"
"0x7fbd8325dab0","      DFMA R4, R12, R8, R4","63","63","63","32768","1048576","1048576","32","32","0","-","-","-","0","0","0","0","0","-","0","0","0","0","0","0","0","0","0","0","0","0","0","0","0","0","0","0","0","0","59","0","2","2","0","0","0","0","0","0","0","0","0","0","0","0","0","0","59","0","2","2"
"0x7fbd8325dac0","      FFMA R6, RZ, 2.53125, R5","52","49","52","32768","1048576","1048576","32","32","0","-","-","-","0","0","0","0","0","-","0","0","0","0","0","0","0","0","0","0","0","0","0","0","0","0","0","0","0","1","49","0","0","2","0","0","0","0","0","0","0","0","0","0","0","0","0","0","47","0","0","2"
"0x7fbd8325dad0","      FSETP.GT.AND P0, PT, |R6|, 4.8978884574313168671e-40, PT","1","1","1","32768","1048576","1048576","32","32","0","-","-","-","0","0","0","0","0","-","0","0","0","0","0","0","0","0","0","0","0","0","0","0","0","0","0","0","0","0","0","0","0","1","0","0","0","0","0","0","0","0","0","0","0","0","0","0","0","0","0","1"
"0x7fbd8325dae0","@P0   BRA P1, 0x7fbd8325db50","3","3","3","32768","1048576","1048576","32","32","0","-","-","-","0","0","0","0","0","-","0","0","0","0","0","0","0","0","0","0","0","0","0","0","0","0","0","0","0","0","0","0","0","3","0","0","0","0","0","0","0","0","0","0","0","0","0","0","0","0","0","3"
"0x7fbd8325daf0","      IMAD.MOV.U32 R26, RZ, RZ, R10","3","3","3","0","0","0","0","0","0","-","-","-","0","0","0","0","0","-","0","0","0","0","0","0","0","0","0","0","0","0","0","0","0","0","0","0","0","0","0","0","0","3","0","0","0","0","0","0","0","0","0","0","0","0","0","0","0","0","0","3"
"0x7fbd8325db00","      MOV R10, 0x930","0","0","0","0","0","0","0","0","0","-","-","-","0","0","0","0","0","-","0","0","0","0","0","0","0","0","0","0","0","0","0","0","0","0","0","0","0","0","0","0","0","0","0","0","0","0","0","0","0","0","0","0","0","0","0","0","0","0","0","0"
"0x7fbd8325db10","      IMAD.MOV.U32 R27, RZ, RZ, R11","0","0","0","0","0","0","0","0","0","-","-","-","0","0","0","0","0","-","0","0","0","0","0","0","0","0","0","0","0","0","0","0","0","0","0","0","0","0","0","0","0","0","0","0","0","0","0","0","0","0","0","0","0","0","0","0","0","0","0","0"
"0x7fbd8325db20","      CALL.REL.NOINC 0x7fbd8325dbe0","0","0","0","0","0","0","0","0","0","-","-","-","0","0","0","0","0","-","0","0","0","0","0","0","0","0","0","0","0","0","0","0","0","0","0","0","0","0","0","0","0","0","0","0","0","0","0","0","0","0","0","0","0","0","0","0","0","0","0","0"
"0x7fbd8325db30","      IMAD.MOV.U32 R4, RZ, RZ, R18","0","0","0","0","0","0","0","0","0","-","-","-","0","0","0","0","0","-","0","0","0","0","0","0","0","0","0","0","0","0","0","0","0","0","0","0","0","0","0","0","0","0","0","0","0","0","0","0","0","0","0","0","0","0","0","0","0","0","0","0"
"0x7fbd8325db40","      IMAD.MOV.U32 R5, RZ, RZ, R19","0","0","0","0","0","0","0","0","0","-","-","-","0","0","0","0","0","-","0","0","0","0","0","0","0","0","0","0","0","0","0","0","0","0","0","0","0","0","0","0","0","0","0","0","0","0","0","0","0","0","0","0","0","0","0","0","0","0","0","0"
"0x7fbd8325db50","      BSYNC B0","1","1","1","32768","1048576","1048576","32","32","0","-","-","-","0","0","0","0","0","-","0","0","0","0","0","0","0","1","0","0","0","0","0","0","0","0","0","0","0","0","0","0","0","0","0","1","0","0","0","0","0","0","0","0","0","0","0","0","0","0","0","0"
"0x7fbd8325db60","      DSETP.GT.AND P0, PT, R4, 24, PT","13","11","13","32768","1048576","1048576","32","32","0","-","-","-","0","0","0","0","0","-","0","0","0","0","0","0","0","2","0","0","0","0","0","0","0","0","0","0","0","1","0","0","8","2","0","2","0","0","0","0","0","0","0","0","0","0","0","0","0","0","7","2"
"0x7fbd8325db70","      DSETP.LEU.AND P1, PT, R2, 24, PT","12","12","12","32768","1048576","1048576","32","32","0","-","-","-","0","0","0","0","0","-","0","0","0","0","0","0","0","0","0","0","0","0","0","0","0","0","0","0","0","0","0","0","10","2","0","0","0","0","0","0","0","0","0","0","0","0","0","0","0","0","10","2"
"0x7fbd8325db80","@!P0  EXIT P1","96","94","96","32768","1048576","1041408","32","31","0","-","-","-","0","0","0","0","0","-","0","0","0","0","0","0","0","0","0","0","0","0","0","0","0","0","0","0","0","0","90","0","0","6","0","0","0","0","0","0","0","0","0","0","0","0","0","0","88","0","0","6"
"0x7fbd8325db90","      IMAD.MOV.U32 R3, RZ, RZ, 0x4","2","2","2","3632","7968","7968","2","2","0","-","-","-","0","0","0","0","0","-","0","0","0","0","0","0","0","1","0","0","0","0","0","0","0","0","1","0","0","0","0","0","0","0","0","1","0","0","0","0","0","0","0","0","1","0","0","0","0","0","0","0"
"0x7fbd8325dba0","      IMAD.MOV.U32 R5, RZ, RZ, 0xffff00","1","0","1","3632","7968","7968","2","2","0","-","-","-","0","0","0","0","0","-","0","0","0","0","0","0","0","0","0","0","0","0","0","0","0","0","0","0","0","1","0","0","0","0","0","0","0","0","0","0","0","0","0","0","0","0","0","0","0","0","0","0"
"0x7fbd8325dbb0","      IMAD.WIDE R2, R0, R3, c[0x0][0x160]","0","0","0","3632","7968","7968","2","2","0","-","-","-","0","0","0","0","0","-","0","0","0","0","0","0","0","0","0","0","0","0","0","0","0","0","0","0","0","0","0","0","0","0","0","0","0","0","0","0","0","0","0","0","0","0","0","0","0","0","0","0"
"0x7fbd8325dbc0","      STG.E [R2.64], R5","0","0","0","3632","7968","7968","2","2","0","Global","Store","32","7216","0","3580","7268","3688","","0","0","0","0","0","0","0","0","0","0","0","0","0","0","0","0","0","0","0","0","0","0","0","0","0","0","0","0","0","0","0","0","0","0","0","0","0","0","0","0","0","0"
"0x7fbd8325dbd0","      EXIT","0","0","0","3632","7968","7968","2","2","0","-","-","-","0","0","0","0","0","-","0","0","0","0","0","0","0","0","0","0","0","0","0","0","0","0","0","0","0","0","0","0","0","0","0","0","0","0","0","0","0","0","0","0","0","0","0","0","0","0","0","0"
"0x7fbd8325dbe0","      LOP3.LUT R6, R7, 0x40000000, RZ, 0xc0, !PT","7","7","7","32768","1046528","1046528","31","31","0","-","-","-","0","0","0","0","0","-","0","0","0","0","0","0","0","1","0","1","0","0","0","0","0","0","0","5","0","0","0","0","0","0","0","1","0","1","0","0","0","0","0","0","0","5","0","0","0","0","0","0"
"0x7fbd8325dbf0","      IMAD.MOV.U32 R11, RZ, RZ, 0x5ff00000","0","0","0","32768","1046528","1046528","31","31","0","-","-","-","0","0","0","0","0","-","0","0","0","0","0","0","0","0","0","0","0","0","0","0","0","0","0","0","0","0","0","0","0","0","0","0","0","0","0","0","0","0","0","0","0","0","0","0","0","0","0","0"
"0x7fbd8325dc00","      BSSY B1, 0x7fbd8325e130","3","1","3","32768","1046528","1046528","31","31","0","-","-","-","0","0","0","0","0","-","0","0","0","0","0","0","0","0","0","0","0","0","0","0","0","0","0","1","0","2","0","0","0","0","0","0","0","0","0","0","0","0","0","0","0","1","0","0","0","0","0","0"
"0x7fbd8325dc10","      IMAD.MOV.U32 R12, RZ, RZ, RZ","0","0","0","32768","1046528","1046528","31","31","0","-","-","-","0","0","0","0","0","-","0","0","0","0","0","0","0","0","0","0","0","0","0","0","0","0","0","0","0","0","0","0","0","0","0","0","0","0","0","0","0","0","0","0","0","0","0","0","0","0","0","0"
"0x7fbd8325dc20","      ISETP.GE.U32.AND P0, PT, R6, 0x40000000, PT","1","0","1","32768","1046528","1046528","31","31","0","-","-","-","0","0","0","0","0","-","0","0","0","0","0","0","0","0","0","0","0","0","0","0","0","0","0","0","0","1","0","0","0","0","0","0","0","0","0","0","0","0","0","0","0","0","0","0","0","0","0","0"
"0x7fbd8325dc30","      IMAD.U32 R6, RZ, RZ, UR4","2","0","2","32768","1046528","1046528","31","31","0","-","-","-","0","0","0","0","0","-","0","0","0","0","0","0","0","0","0","0","0","0","0","0","0","0","0","0","0","2","0","0","0","0","0","0","0","0","0","0","0","0","0","0","0","0","0","0","0","0","0","0"
"0x7fbd8325dc40","      IMAD.MOV.U32 R16, RZ, RZ, 0x1","2","1","2","32768","1046528","1046528","31","31","0","-","-","-","0","0","0","0","0","-","0","0","0","0","0","0","0","0","0","0","0","0","0","1","0","0","0","0","1","0","0","0","0","0","0","0","0","0","0","0","0","1","0","0","0","0","0","0","0","0","0","0"
"0x7fbd8325dc50","      SEL R13, R11, 0x1ff00000, !P0","1","0","1","32768","1046528","1046528","31","31","0","-","-","-","0","0","0","0","0","-","0","0","0","0","0","0","0","0","0","0","0","0","0","0","0","0","0","0","0","1","0","0","0","0","0","0","0","0","0","0","0","0","0","0","0","0","0","0","0","0","0","0"
"0x7fbd8325dc60","      DMUL R14, R6, R12","78","74","78","32768","1046528","1046528","31","31","0","-","-","-","0","0","0","0","0","-","0","0","0","0","0","0","0","0","0","0","0","0","0","0","0","0","0","0","1","1","0","0","75","1","0","0","0","0","0","0","0","0","0","0","0","0","0","0","0","0","73","1"
"0x7fbd8325dc70","      MUFU.RCP64H R17, R15","238","228","238","32768","1046528","1046528","31","31","0","-","-","-","0","0","0","0","0","-","0","0","0","0","0","0","0","0","0","0","0","0","0","0","0","0","0","0","0","3","228","0","0","7","0","0","0","0","0","0","0","0","0","0","0","0","0","0","221","0","0","7"
"0x7fbd8325dc80","      DFMA R18, -R14, R16, 1","69","67","69","32768","1046528","1046528","31","31","0","-","-","-","0","0","0","0","0","-","0","0","0","0","0","0","0","0","0","0","0","0","0","0","0","0","0","0","0","0","10","0","59","0","0","0","0","0","0","0","0","0","0","0","0","0","0","0","10","0","57","0"
"0x7fbd8325dc90","      DFMA R20, R18, R18, R18","205","195","205","32768","1046528","1046528","31","31","0","-","-","-","0","0","0","0","0","-","0","0","0","0","0","0","0","0","0","0","0","0","0","0","0","0","0","0","0","1","187","0","14","3","0","0","0","0","0","0","0","0","0","0","0","0","0","0","178","0","14","3"
"0x7fbd8325dca0","      LOP3.LUT R18, R27, 0x7f800000, RZ, 0xc0, !PT","130","118","130","32768","1046528","1046528","31","31","0","-","-","-","0","0","0","0","0","-","0","0","0","0","0","0","0","0","0","0","0","0","0","0","0","0","0","0","0","2","128","0","0","0","0","0","0","0","0","0","0","0","0","0","0","0","0","0","118","0","0","0"
"0x7fbd8325dcb0","      DFMA R22, R16, R20, R16","72","68","72","32768","1046528","1046528","31","31","0","-","-","-","0","0","0","0","0","-","0","0","0","0","0","0","0","0","0","0","0","0","0","0","0","0","0","0","0","2","61","0","7","2","0","0","0","0","0","0","0","0","0","0","0","0","0","0","59","0","7","2"
"0x7fbd8325dcc0","      ISETP.GE.U32.AND P0, PT, R18, 0x3e800000, PT","0","0","0","32768","1046528","1046528","31","31","0","-","-","-","0","0","0","0","0","-","0","0","0","0","0","0","0","0","0","0","0","0","0","0","0","0","0","0","0","0","0","0","0","0","0","0","0","0","0","0","0","0","0","0","0","0","0","0","0","0","0","0"
"0x7fbd8325dcd0","      IMAD.MOV.U32 R16, RZ, RZ, R26","124","118","124","32768","1046528","1046528","31","31","0","-","-","-","0","0","0","0","0","-","0","0","0","0","0","0","0","0","0","0","0","0","0","0","0","0","0","0","0","0","124","0","0","0","0","0","0","0","0","0","0","0","0","0","0","0","0","0","118","0","0","0"
"0x7fbd8325dce0","      IMAD.MOV.U32 R17, RZ, RZ, R27","0","0","0","32768","1046528","1046528","31","31","0","-","-","-","0","0","0","0","0","-","0","0","0","0","0","0","0","0","0","0","0","0","0","0","0","0","0","0","0","0","0","0","0","0","0","0","0","0","0","0","0","0","0","0","0","0","0","0","0","0","0","0"
"0x7fbd8325dcf0","      SEL R21, R11, 0x1ff00000, !P0","1","0","1","32768","1046528","1046528","31","31","0","-","-","-","0","0","0","0","0","-","0","0","0","0","0","0","0","0","0","0","0","0","0","0","0","0","0","0","0","1","0","0","0","0","0","0","0","0","0","0","0","0","0","0","0","0","0","0","0","0","0","0"
"0x7fbd8325dd00","      DFMA R24, -R14, R22, 1","55","51","55","32768","1046528","1046528","31","31","0","-","-","-","0","0","0","0","0","-","0","0","0","0","0","0","0","0","0","0","0","0","0","0","0","0","0","0","0","0","46","0","9","0","0","0","0","0","0","0","0","0","0","0","0","0","0","0","43","0","8","0"
"0x7fbd8325dd10","      IMAD.MOV.U32 R20, RZ, RZ, RZ","0","0","0","32768","1046528","1046528","31","31","0","-","-","-","0","0","0","0","0","-","0","0","0","0","0","0","0","0","0","0","0","0","0","0","0","0","0","0","0","0","0","0","0","0","0","0","0","0","0","0","0","0","0","0","0","0","0","0","0","0","0","0"
"0x7fbd8325dd20","      DFMA R24, R22, R24, R22","172","163","172","32768","1046528","1046528","31","31","0","-","-","-","0","0","0","0","0","-","0","0","0","0","0","0","0","0","0","0","0","0","0","0","0","0","0","0","0","0","167","0","4","1","0","0","0","0","0","0","0","0","0","0","0","0","0","0","158","0","4","1"
"0x7fbd8325dd30","      DMUL R20, R16, R20","36","35","36","32768","1046528","1046528","31","31","0","-","-","-","0","0","0","0","0","-","0","0","0","0","0","0","0","0","0","0","0","0","0","0","0","0","0","0","0","0","0","0","35","1","0","0","0","0","0","0","0","0","0","0","0","0","0","0","0","0","34","1"
"0x7fbd8325dd40","      DMUL R22, R20, R24","155","147","155","32768","1046528","1046528","31","31","0","-","-","-","0","0","0","0","0","-","0","0","0","0","0","0","0","0","0","0","0","0","0","0","0","0","0","0","0","0","145","0","9","1","0","0","0","0","0","0","0","0","0","0","0","0","0","0","137","0","9","1"
"0x7fbd8325dd50","      DFMA R14, -R14, R22, R20","156","148","156","32768","1046528","1046528","31","31","0","-","-","-","0","0","0","0","0","-","0","0","0","0","0","0","0","0","0","0","0","0","0","0","0","0","0","0","0","1","143","0","9","3","0","0","0","0","0","0","0","0","0","0","0","0","0","0","136","0","9","3"
"0x7fbd8325dd60","      DFMA R20, R24, R14, R22","150","148","150","32768","1046528","1046528","31","31","0","-","-","-","0","0","0","0","0","-","0","0","0","0","0","0","0","0","0","0","0","0","0","0","0","0","0","0","0","0","141","0","5","4","0","0","0","0","0","0","0","0","0","0","0","0","0","0","139","0","5","4"
"0x7fbd8325dd70","      DSETP.GT.AND P0, PT, |R20|, RZ, PT","158","158","158","32768","1046528","1046528","31","31","0","-","-","-","0","0","0","0","0","-","0","0","0","0","0","0","0","0","0","0","0","0","0","0","0","0","0","0","0","0","149","0","7","2","0","0","0","0","0","0","0","0","0","0","0","0","0","0","149","0","7","2"
"0x7fbd8325dd80","@!P0  BRA 0x7fbd8325e050","142","140","142","32768","1046528","1046528","31","31","0","-","-","-","0","0","0","0","0","-","0","0","0","0","0","0","0","0","0","0","0","0","0","0","0","0","0","0","0","0","135","0","0","7","0","0","0","0","0","0","0","0","0","0","0","0","0","0","133","0","0","7"
"0x7fbd8325dd90","      ISETP.GT.U32.AND P0, PT, R18, 0x3e7fffff, PT","0","0","0","0","0","0","0","0","0","-","-","-","0","0","0","0","0","-","0","0","0","0","0","0","0","0","0","0","0","0","0","0","0","0","0","0","0","0","0","0","0","0","0","0","0","0","0","0","0","0","0","0","0","0","0","0","0","0","0","0"
"0x7fbd8325dda0","      IMAD.MOV.U32 R14, RZ, RZ, RZ","0","0","0","0","0","0","0","0","0","-","-","-","0","0","0","0","0","-","0","0","0","0","0","0","0","0","0","0","0","0","0","0","0","0","0","0","0","0","0","0","0","0","0","0","0","0","0","0","0","0","0","0","0","0","0","0","0","0","0","0"
"0x7fbd8325ddb0","      DMUL R18, R12, R20","0","0","0","0","0","0","0","0","0","-","-","-","0","0","0","0","0","-","0","0","0","0","0","0","0","0","0","0","0","0","0","0","0","0","0","0","0","0","0","0","0","0","0","0","0","0","0","0","0","0","0","0","0","0","0","0","0","0","0","0"
"0x7fbd8325ddc0","      SEL R15, R11, 0x1ff00000, P0","0","0","0","0","0","0","0","0","0","-","-","-","0","0","0","0","0","-","0","0","0","0","0","0","0","0","0","0","0","0","0","0","0","0","0","0","0","0","0","0","0","0","0","0","0","0","0","0","0","0","0","0","0","0","0","0","0","0","0","0"
"0x7fbd8325ddd0","      DMUL R20, R20, R14","0","0","0","0","0","0","0","0","0","-","-","-","0","0","0","0","0","-","0","0","0","0","0","0","0","0","0","0","0","0","0","0","0","0","0","0","0","0","0","0","0","0","0","0","0","0","0","0","0","0","0","0","0","0","0","0","0","0","0","0"
"0x7fbd8325dde0","      DMUL R18, R14, R18","0","0","0","0","0","0","0","0","0","-","-","-","0","0","0","0","0","-","0","0","0","0","0","0","0","0","0","0","0","0","0","0","0","0","0","0","0","0","0","0","0","0","0","0","0","0","0","0","0","0","0","0","0","0","0","0","0","0","0","0"
"0x7fbd8325ddf0","      DMUL R20, R12, R20","0","0","0","0","0","0","0","0","0","-","-","-","0","0","0","0","0","-","0","0","0","0","0","0","0","0","0","0","0","0","0","0","0","0","0","0","0","0","0","0","0","0","0","0","0","0","0","0","0","0","0","0","0","0","0","0","0","0","0","0"
"0x7fbd8325de00","      DFMA R12, R6, R18, -R16","0","0","0","0","0","0","0","0","0","-","-","-","0","0","0","0","0","-","0","0","0","0","0","0","0","0","0","0","0","0","0","0","0","0","0","0","0","0","0","0","0","0","0","0","0","0","0","0","0","0","0","0","0","0","0","0","0","0","0","0"
"0x7fbd8325de10","      DFMA R14, R6, R20, -R16","0","0","0","0","0","0","0","0","0","-","-","-","0","0","0","0","0","-","0","0","0","0","0","0","0","0","0","0","0","0","0","0","0","0","0","0","0","0","0","0","0","0","0","0","0","0","0","0","0","0","0","0","0","0","0","0","0","0","0","0"
"0x7fbd8325de20","      DSETP.GT.AND P0, PT, |R12|, |R14|, PT","0","0","0","0","0","0","0","0","0","-","-","-","0","0","0","0","0","-","0","0","0","0","0","0","0","0","0","0","0","0","0","0","0","0","0","0","0","0","0","0","0","0","0","0","0","0","0","0","0","0","0","0","0","0","0","0","0","0","0","0"
"0x7fbd8325de30","      FSEL R15, R21, R19, P0","0","0","0","0","0","0","0","0","0","-","-","-","0","0","0","0","0","-","0","0","0","0","0","0","0","0","0","0","0","0","0","0","0","0","0","0","0","0","0","0","0","0","0","0","0","0","0","0","0","0","0","0","0","0","0","0","0","0","0","0"
"0x7fbd8325de40","      FSEL R18, R20, R18, P0","0","0","0","0","0","0","0","0","0","-","-","-","0","0","0","0","0","-","0","0","0","0","0","0","0","0","0","0","0","0","0","0","0","0","0","0","0","0","0","0","0","0","0","0","0","0","0","0","0","0","0","0","0","0","0","0","0","0","0","0"
"0x7fbd8325de50","      FSETP.GTU.AND P1, PT, |R15|, 1.469367938527859385e-39, PT","0","0","0","0","0","0","0","0","0","-","-","-","0","0","0","0","0","-","0","0","0","0","0","0","0","0","0","0","0","0","0","0","0","0","0","0","0","0","0","0","0","0","0","0","0","0","0","0","0","0","0","0","0","0","0","0","0","0","0","0"
"0x7fbd8325de60","      IMAD.MOV.U32 R19, RZ, RZ, R15","0","0","0","0","0","0","0","0","0","-","-","-","0","0","0","0","0","-","0","0","0","0","0","0","0","0","0","0","0","0","0","0","0","0","0","0","0","0","0","0","0","0","0","0","0","0","0","0","0","0","0","0","0","0","0","0","0","0","0","0"
"0x7fbd8325de70","@P1   BRA 0x7fbd8325e120","0","0","0","0","0","0","0","0","0","-","-","-","0","0","0","0","0","-","0","0","0","0","0","0","0","0","0","0","0","0","0","0","0","0","0","0","0","0","0","0","0","0","0","0","0","0","0","0","0","0","0","0","0","0","0","0","0","0","0","0"
"0x7fbd8325de80","      IMAD.MOV.U32 R20, RZ, RZ, 0x58500000","0","0","0","0","0","0","0","0","0","-","-","-","0","0","0","0","0","-","0","0","0","0","0","0","0","0","0","0","0","0","0","0","0","0","0","0","0","0","0","0","0","0","0","0","0","0","0","0","0","0","0","0","0","0","0","0","0","0","0","0"
"0x7fbd8325de90","      FSETP.GEU.AND P0, PT, |R17|, 1.5046327690525280102e-36, PT","0","0","0","0","0","0","0","0","0","-","-","-","0","0","0","0","0","-","0","0","0","0","0","0","0","0","0","0","0","0","0","0","0","0","0","0","0","0","0","0","0","0","0","0","0","0","0","0","0","0","0","0","0","0","0","0","0","0","0","0"
"0x7fbd8325dea0","      IMAD.MOV.U32 R19, RZ, RZ, R15","0","0","0","0","0","0","0","0","0","-","-","-","0","0","0","0","0","-","0","0","0","0","0","0","0","0","0","0","0","0","0","0","0","0","0","0","0","0","0","0","0","0","0","0","0","0","0","0","0","0","0","0","0","0","0","0","0","0","0","0"
"0x7fbd8325deb0","      LOP3.LUT R14, R18, 0xfffffffe, RZ, 0xc0, !PT","0","0","0","0","0","0","0","0","0","-","-","-","0","0","0","0","0","-","0","0","0","0","0","0","0","0","0","0","0","0","0","0","0","0","0","0","0","0","0","0","0","0","0","0","0","0","0","0","0","0","0","0","0","0","0","0","0","0","0","0"
"0x7fbd8325dec0","      SEL R21, R20, 0x3ff00000, !P0","0","0","0","0","0","0","0","0","0","-","-","-","0","0","0","0","0","-","0","0","0","0","0","0","0","0","0","0","0","0","0","0","0","0","0","0","0","0","0","0","0","0","0","0","0","0","0","0","0","0","0","0","0","0","0","0","0","0","0","0"
"0x7fbd8325ded0","      IMAD.MOV.U32 R20, RZ, RZ, RZ","0","0","0","0","0","0","0","0","0","-","-","-","0","0","0","0","0","-","0","0","0","0","0","0","0","0","0","0","0","0","0","0","0","0","0","0","0","0","0","0","0","0","0","0","0","0","0","0","0","0","0","0","0","0","0","0","0","0","0","0"
"0x7fbd8325dee0","      LOP3.LUT R18, R18, 0x1, RZ, 0xfc, !PT","0","0","0","0","0","0","0","0","0","-","-","-","0","0","0","0","0","-","0","0","0","0","0","0","0","0","0","0","0","0","0","0","0","0","0","0","0","0","0","0","0","0","0","0","0","0","0","0","0","0","0","0","0","0","0","0","0","0","0","0"
"0x7fbd8325def0","      DMUL R12, R6, R20","0","0","0","0","0","0","0","0","0","-","-","-","0","0","0","0","0","-","0","0","0","0","0","0","0","0","0","0","0","0","0","0","0","0","0","0","0","0","0","0","0","0","0","0","0","0","0","0","0","0","0","0","0","0","0","0","0","0","0","0"
"0x7fbd8325df00","      DMUL R16, R16, R20","0","0","0","0","0","0","0","0","0","-","-","-","0","0","0","0","0","-","0","0","0","0","0","0","0","0","0","0","0","0","0","0","0","0","0","0","0","0","0","0","0","0","0","0","0","0","0","0","0","0","0","0","0","0","0","0","0","0","0","0"
"0x7fbd8325df10","      DFMA R20, R14, R12, -R16","0","0","0","0","0","0","0","0","0","-","-","-","0","0","0","0","0","-","0","0","0","0","0","0","0","0","0","0","0","0","0","0","0","0","0","0","0","0","0","0","0","0","0","0","0","0","0","0","0","0","0","0","0","0","0","0","0","0","0","0"
"0x7fbd8325df20","      DFMA R22, R18, R12, -R16","0","0","0","0","0","0","0","0","0","-","-","-","0","0","0","0","0","-","0","0","0","0","0","0","0","0","0","0","0","0","0","0","0","0","0","0","0","0","0","0","0","0","0","0","0","0","0","0","0","0","0","0","0","0","0","0","0","0","0","0"
"0x7fbd8325df30","      DSETP.GT.AND P0, PT, |R20|, |R22|, PT","0","0","0","0","0","0","0","0","0","-","-","-","0","0","0","0","0","-","0","0","0","0","0","0","0","0","0","0","0","0","0","0","0","0","0","0","0","0","0","0","0","0","0","0","0","0","0","0","0","0","0","0","0","0","0","0","0","0","0","0"
"0x7fbd8325df40","      FSEL R21, R18, R14, P0","0","0","0","0","0","0","0","0","0","-","-","-","0","0","0","0","0","-","0","0","0","0","0","0","0","0","0","0","0","0","0","0","0","0","0","0","0","0","0","0","0","0","0","0","0","0","0","0","0","0","0","0","0","0","0","0","0","0","0","0"
"0x7fbd8325df50","      IADD3 R18, P1, R21, 0x1, RZ","0","0","0","0","0","0","0","0","0","-","-","-","0","0","0","0","0","-","0","0","0","0","0","0","0","0","0","0","0","0","0","0","0","0","0","0","0","0","0","0","0","0","0","0","0","0","0","0","0","0","0","0","0","0","0","0","0","0","0","0"
"0x7fbd8325df60","      LOP3.LUT R6, R21, 0x1, RZ, 0xc0, !PT","0","0","0","0","0","0","0","0","0","-","-","-","0","0","0","0","0","-","0","0","0","0","0","0","0","0","0","0","0","0","0","0","0","0","0","0","0","0","0","0","0","0","0","0","0","0","0","0","0","0","0","0","0","0","0","0","0","0","0","0"
"0x7fbd8325df70","      IADD3 R20, P2, R21, -0x1, RZ","0","0","0","0","0","0","0","0","0","-","-","-","0","0","0","0","0","-","0","0","0","0","0","0","0","0","0","0","0","0","0","0","0","0","0","0","0","0","0","0","0","0","0","0","0","0","0","0","0","0","0","0","0","0","0","0","0","0","0","0"
"0x7fbd8325df80","      IMAD.X R14, RZ, RZ, R15, P1","0","0","0","0","0","0","0","0","0","-","-","-","0","0","0","0","0","-","0","0","0","0","0","0","0","0","0","0","0","0","0","0","0","0","0","0","0","0","0","0","0","0","0","0","0","0","0","0","0","0","0","0","0","0","0","0","0","0","0","0"
"0x7fbd8325df90","      ISETP.NE.U32.AND P0, PT, R6, 0x1, PT","0","0","0","0","0","0","0","0","0","-","-","-","0","0","0","0","0","-","0","0","0","0","0","0","0","0","0","0","0","0","0","0","0","0","0","0","0","0","0","0","0","0","0","0","0","0","0","0","0","0","0","0","0","0","0","0","0","0","0","0"
"0x7fbd8325dfa0","      IADD3.X R11, R15, -0x1, RZ, P2, !PT","0","0","0","0","0","0","0","0","0","-","-","-","0","0","0","0","0","-","0","0","0","0","0","0","0","0","0","0","0","0","0","0","0","0","0","0","0","0","0","0","0","0","0","0","0","0","0","0","0","0","0","0","0","0","0","0","0","0","0","0"
"0x7fbd8325dfb0","      FSEL R18, R21, R18, P0","0","0","0","0","0","0","0","0","0","-","-","-","0","0","0","0","0","-","0","0","0","0","0","0","0","0","0","0","0","0","0","0","0","0","0","0","0","0","0","0","0","0","0","0","0","0","0","0","0","0","0","0","0","0","0","0","0","0","0","0"
"0x7fbd8325dfc0","      FSEL R19, R15, R14, P0","0","0","0","0","0","0","0","0","0","-","-","-","0","0","0","0","0","-","0","0","0","0","0","0","0","0","0","0","0","0","0","0","0","0","0","0","0","0","0","0","0","0","0","0","0","0","0","0","0","0","0","0","0","0","0","0","0","0","0","0"
"0x7fbd8325dfd0","      FSEL R20, R20, R21, P0","0","0","0","0","0","0","0","0","0","-","-","-","0","0","0","0","0","-","0","0","0","0","0","0","0","0","0","0","0","0","0","0","0","0","0","0","0","0","0","0","0","0","0","0","0","0","0","0","0","0","0","0","0","0","0","0","0","0","0","0"
"0x7fbd8325dfe0","      FSEL R21, R11, R15, P0","0","0","0","0","0","0","0","0","0","-","-","-","0","0","0","0","0","-","0","0","0","0","0","0","0","0","0","0","0","0","0","0","0","0","0","0","0","0","0","0","0","0","0","0","0","0","0","0","0","0","0","0","0","0","0","0","0","0","0","0"
"0x7fbd8325dff0","      DFMA R14, R12, R18, -R16","0","0","0","0","0","0","0","0","0","-","-","-","0","0","0","0","0","-","0","0","0","0","0","0","0","0","0","0","0","0","0","0","0","0","0","0","0","0","0","0","0","0","0","0","0","0","0","0","0","0","0","0","0","0","0","0","0","0","0","0"
"0x7fbd8325e000","      DFMA R12, R12, R20, -R16","0","0","0","0","0","0","0","0","0","-","-","-","0","0","0","0","0","-","0","0","0","0","0","0","0","0","0","0","0","0","0","0","0","0","0","0","0","0","0","0","0","0","0","0","0","0","0","0","0","0","0","0","0","0","0","0","0","0","0","0"
"0x7fbd8325e010","      DSETP.GT.AND P0, PT, |R14|, |R12|, PT","0","0","0","0","0","0","0","0","0","-","-","-","0","0","0","0","0","-","0","0","0","0","0","0","0","0","0","0","0","0","0","0","0","0","0","0","0","0","0","0","0","0","0","0","0","0","0","0","0","0","0","0","0","0","0","0","0","0","0","0"
"0x7fbd8325e020","      FSEL R18, R20, R18, P0","0","0","0","0","0","0","0","0","0","-","-","-","0","0","0","0","0","-","0","0","0","0","0","0","0","0","0","0","0","0","0","0","0","0","0","0","0","0","0","0","0","0","0","0","0","0","0","0","0","0","0","0","0","0","0","0","0","0","0","0"
"0x7fbd8325e030","      FSEL R19, R21, R19, P0","0","0","0","0","0","0","0","0","0","-","-","-","0","0","0","0","0","-","0","0","0","0","0","0","0","0","0","0","0","0","0","0","0","0","0","0","0","0","0","0","0","0","0","0","0","0","0","0","0","0","0","0","0","0","0","0","0","0","0","0"
"0x7fbd8325e040","      BRA 0x7fbd8325e120","0","0","0","0","0","0","0","0","0","-","-","-","0","0","0","0","0","-","0","0","0","0","0","0","0","0","0","0","0","0","0","0","0","0","0","0","0","0","0","0","0","0","0","0","0","0","0","0","0","0","0","0","0","0","0","0","0","0","0","0"
"0x7fbd8325e050","      DSETP.NEU.AND P0, PT, R20, RZ, PT","12","11","12","32768","1046528","1046528","31","31","0","-","-","-","0","0","0","0","0","-","0","0","0","0","0","0","0","1","0","0","0","0","0","0","0","0","0","0","0","0","0","0","11","0","0","1","0","0","0","0","0","0","0","0","0","0","0","0","0","0","10","0"
"0x7fbd8325e060","@!P0  BRA 0x7fbd8325e110","154","152","154","32768","1046528","1046528","31","31","0","-","-","-","0","0","0","0","0","-","0","0","0","0","0","0","0","0","0","0","0","0","0","0","0","0","0","0","0","0","145","0","0","9","0","0","0","0","0","0","0","0","0","0","0","0","0","0","143","0","0","9"
"0x7fbd8325e070","      MUFU.RCP64H R19, R7","2","2","2","0","0","0","0","0","0","-","-","-","0","0","0","0","0","-","0","0","0","0","0","0","0","0","0","0","0","0","0","0","0","0","0","0","0","0","0","0","0","2","0","0","0","0","0","0","0","0","0","0","0","0","0","0","0","0","0","2"
"0x7fbd8325e080","      IMAD.MOV.U32 R18, RZ, RZ, RZ","0","0","0","0","0","0","0","0","0","-","-","-","0","0","0","0","0","-","0","0","0","0","0","0","0","0","0","0","0","0","0","0","0","0","0","0","0","0","0","0","0","0","0","0","0","0","0","0","0","0","0","0","0","0","0","0","0","0","0","0"
"0x7fbd8325e090","      DSETP.GT.AND P1, PT, |R18|, RZ, PT","0","0","0","0","0","0","0","0","0","-","-","-","0","0","0","0","0","-","0","0","0","0","0","0","0","0","0","0","0","0","0","0","0","0","0","0","0","0","0","0","0","0","0","0","0","0","0","0","0","0","0","0","0","0","0","0","0","0","0","0"
"0x7fbd8325e0a0","@!P1  DSETP.NEU.AND P0, PT, |R6|, +INF , PT","0","0","0","0","0","0","0","0","0","-","-","-","0","0","0","0","0","-","0","0","0","0","0","0","0","0","0","0","0","0","0","0","0","0","0","0","0","0","0","0","0","0","0","0","0","0","0","0","0","0","0","0","0","0","0","0","0","0","0","0"
"0x7fbd8325e0b0","@!P1  FSEL R6, R6, R18, P0","0","0","0","0","0","0","0","0","0","-","-","-","0","0","0","0","0","-","0","0","0","0","0","0","0","0","0","0","0","0","0","0","0","0","0","0","0","0","0","0","0","0","0","0","0","0","0","0","0","0","0","0","0","0","0","0","0","0","0","0"
"0x7fbd8325e0c0","@!P1  FSEL R11, R7, R19, P0","0","0","0","0","0","0","0","0","0","-","-","-","0","0","0","0","0","-","0","0","0","0","0","0","0","0","0","0","0","0","0","0","0","0","0","0","0","0","0","0","0","0","0","0","0","0","0","0","0","0","0","0","0","0","0","0","0","0","0","0"
"0x7fbd8325e0d0","@!P1  IMAD.MOV.U32 R18, RZ, RZ, R6","0","0","0","0","0","0","0","0","0","-","-","-","0","0","0","0","0","-","0","0","0","0","0","0","0","0","0","0","0","0","0","0","0","0","0","0","0","0","0","0","0","0","0","0","0","0","0","0","0","0","0","0","0","0","0","0","0","0","0","0"
"0x7fbd8325e0e0","@!P1  IMAD.MOV.U32 R19, RZ, RZ, R11","0","0","0","0","0","0","0","0","0","-","-","-","0","0","0","0","0","-","0","0","0","0","0","0","0","0","0","0","0","0","0","0","0","0","0","0","0","0","0","0","0","0","0","0","0","0","0","0","0","0","0","0","0","0","0","0","0","0","0","0"
"0x7fbd8325e0f0","      DMUL R18, R16, R18","0","0","0","0","0","0","0","0","0","-","-","-","0","0","0","0","0","-","0","0","0","0","0","0","0","0","0","0","0","0","0","0","0","0","0","0","0","0","0","0","0","0","0","0","0","0","0","0","0","0","0","0","0","0","0","0","0","0","0","0"
"0x7fbd8325e100","      BRA 0x7fbd8325e120","0","0","0","0","0","0","0","0","0","-","-","-","0","0","0","0","0","-","0","0","0","0","0","0","0","0","0","0","0","0","0","0","0","0","0","0","0","0","0","0","0","0","0","0","0","0","0","0","0","0","0","0","0","0","0","0","0","0","0","0"
"0x7fbd8325e110","      DMUL R18, R16, R6","10","10","10","32768","1046528","1046528","31","31","0","-","-","-","0","0","0","0","0","-","0","0","0","0","0","0","0","2","0","0","0","0","0","0","0","0","0","1","0","0","0","0","7","0","0","2","0","0","0","0","0","0","0","0","0","1","0","0","0","0","7","0"
"0x7fbd8325e120","      BSYNC B1","3","3","3","32768","1046528","1046528","31","31","0","-","-","-","0","0","0","0","0","-","0","0","0","0","0","0","0","0","0","0","0","0","0","0","0","0","0","0","0","0","0","0","0","3","0","0","0","0","0","0","0","0","0","0","0","0","0","0","0","0","0","3"
"0x7fbd8325e130","      IMAD.MOV.U32 R11, RZ, RZ, 0x0","4","2","4","32768","1046528","1046528","31","31","0","-","-","-","0","0","0","0","0","-","0","0","0","0","0","0","0","1","0","0","0","0","0","0","0","0","0","0","0","2","0","0","0","1","0","1","0","0","0","0","0","0","0","0","0","0","0","0","0","0","0","1"
"0x7fbd8325e140","      RET.REL.NODEC R10, 0x7fbd8325d200","0","0","0","32768","1046528","1046528","31","31","0","-","-","-","0","0","0","0","0","-","0","0","0","0","0","0","0","0","0","0","0","0","0","0","0","0","0","0","0","0","0","0","0","0","0","0","0","0","0","0","0","0","0","0","0","0","0","0","0","0","0","0"
"0x7fbd8325e150","      BRA `(.L_x_0) 0x7fbd8325e150","19","19","19","0","0","0","0","0","0","-","-","-","0","0","0","0","0","-","0","0","0","0","0","0","0","16","0","0","0","0","0","0","0","0","0","0","0","0","0","0","0","3","0","16","0","0","0","0","0","0","0","0","0","0","0","0","0","0","0","3"
"0x7fbd8325e160","      NOP","0","0","0","0","0","0","0","0","0","-","-","-","0","0","0","0","0","-","0","0","0","0","0","0","0","0","0","0","0","0","0","0","0","0","0","0","0","0","0","0","0","0","0","0","0","0","0","0","0","0","0","0","0","0","0","0","0","0","0","0"
"0x7fbd8325e170","      NOP","0","0","0","0","0","0","0","0","0","-","-","-","0","0","0","0","0","-","0","0","0","0","0","0","0","0","0","0","0","0","0","0","0","0","0","0","0","0","0","0","0","0","0","0","0","0","0","0","0","0","0","0","0","0","0","0","0","0","0","0"
"0x7fbd8325e180","      NOP","0","0","0","0","0","0","0","0","0","-","-","-","0","0","0","0","0","-","0","0","0","0","0","0","0","0","0","0","0","0","0","0","0","0","0","0","0","0","0","0","0","0","0","0","0","0","0","0","0","0","0","0","0","0","0","0","0","0","0","0"
"0x7fbd8325e190","      NOP","0","0","0","0","0","0","0","0","0","-","-","-","0","0","0","0","0","-","0","0","0","0","0","0","0","0","0","0","0","0","0","0","0","0","0","0","0","0","0","0","0","0","0","0","0","0","0","0","0","0","0","0","0","0","0","0","0","0","0","0"
"0x7fbd8325e1a0","      NOP","0","0","0","0","0","0","0","0","0","-","-","-","0","0","0","0","0","-","0","0","0","0","0","0","0","0","0","0","0","0","0","0","0","0","0","0","0","0","0","0","0","0","0","0","0","0","0","0","0","0","0","0","0","0","0","0","0","0","0","0"
"0x7fbd8325e1b0","      NOP","0","0","0","0","0","0","0","0","0","-","-","-","0","0","0","0","0","-","0","0","0","0","0","0","0","0","0","0","0","0","0","0","0","0","0","0","0","0","0","0","0","0","0","0","0","0","0","0","0","0","0","0","0","0","0","0","0","0","0","0"
"0x7fbd8325e1c0","      NOP","0","0","0","0","0","0","0","0","0","-","-","-","0","0","0","0","0","-","0","0","0","0","0","0","0","0","0","0","0","0","0","0","0","0","0","0","0","0","0","0","0","0","0","0","0","0","0","0","0","0","0","0","0","0","0","0","0","0","0","0"
"0x7fbd8325e1d0","      NOP","0","0","0","0","0","0","0","0","0","-","-","-","0","0","0","0","0","-","0","0","0","0","0","0","0","0","0","0","0","0","0","0","0","0","0","0","0","0","0","0","0","0","0","0","0","0","0","0","0","0","0","0","0","0","0","0","0","0","0","0"
"0x7fbd8325e1e0","      NOP","0","0","0","0","0","0","0","0","0","-","-","-","0","0","0","0","0","-","0","0","0","0","0","0","0","0","0","0","0","0","0","0","0","0","0","0","0","0","0","0","0","0","0","0","0","0","0","0","0","0","0","0","0","0","0","0","0","0","0","0"
"0x7fbd8325e1f0","      NOP","0","0","0","0","0","0","0","0","0","-","-","-","0","0","0","0","0","-","0","0","0","0","0","0","0","0","0","0","0","0","0","0","0","0","0","0","0","0","0","0","0","0","0","0","0","0","0","0","0","0","0","0","0","0","0","0","0","0","0","0"
