"Kernel Name","transposeNoBankConflicts(float *, float *, int, int)",
"Address","Source","Warp Stall Sampling (All Samples)","Warp Stall Sampling (Not-issued Samples)","# Samples","Instructions Executed","Thread Instructions Executed","Predicated-On Thread Instructions Executed","Avg. Threads Executed","Avg. Predicated-On Threads Executed","Address Space","Access Operation","Access Size","L1 Tag Requests Global","L1 Conflicts Shared N-Way","L1 Wavefronts Shared Excessive","L1 Wavefronts Shared","L1 Wavefronts Shared Ideal","L2 Theoretical Sectors Global Excessive","L2 Theoretical Sectors Global","L2 Theoretical Sectors Global Ideal","L2 Explicit Evict Policies","L2 Explicit Hit Policy Evict First","L2 Explicit Hit Policy Evict Last","L2 Explicit Hit Policy Evict Normal","L2 Explicit Hit Policy Evict Normal Demote","L2 Explicit Miss Policy Evict First","L2 Explicit Miss Policy Evict Normal","stall_barrier","stall_branch_resolving","stall_dispatch","stall_drain","stall_imc","stall_lg","stall_long_sb","stall_math","stall_membar","stall_mio","stall_misc","stall_no_inst","stall_not_selected","stall_selected","stall_short_sb","stall_sleep","stall_tex","stall_wait","stall_barrier (Not Issued)","stall_branch_resolving (Not Issued)","stall_dispatch (Not Issued)","stall_drain (Not Issued)","stall_imc (Not Issued)","stall_lg (Not Issued)","stall_long_sb (Not Issued)","stall_math (Not Issued)","stall_membar (Not Issued)","stall_mio (Not Issued)","stall_misc (Not Issued)","stall_no_inst (Not Issued)","stall_not_selected (Not Issued)","stall_selected (Not Issued)","stall_short_sb (Not Issued)","stall_sleeping (Not Issued)","stall_tex (Not Issued)","stall_wait (Not Issued)"
"0x7fe4a325d200","      MOV R1, c[0x0][0x28]","89","58","89","524288","16777216","16777216","32","32","-","-","-","0","0","0","0","0","0","0","0","-","0","0","0","0","0","0","0","0","0","0","20","0","0","3","0","0","0","64","2","0","0","0","0","0","0","0","0","0","18","0","0","1","0","0","0","39","0","0","0","0","0","0"
"0x7fe4a325d210","      S2R R10, SR_CTAID.X","36","8","36","524288","16777216","16777216","32","32","-","-","-","0","0","0","0","0","0","0","0","-","0","0","0","0","0","0","0","0","5","0","0","0","0","0","0","0","0","0","10","15","0","0","0","6","0","0","3","0","0","0","0","0","0","0","0","0","0","0","0","0","0","5"
"0x7fe4a325d220","      MOV R18, 0x4","10","0","10","524288","16777216","16777216","32","32","-","-","-","0","0","0","0","0","0","0","0","-","0","0","0","0","0","0","0","0","2","0","0","0","0","0","0","0","0","0","0","8","0","0","0","0","0","0","0","0","0","0","0","0","0","0","0","0","0","0","0","0","0","0"
"0x7fe4a325d230","      ULDC.64 UR4, c[0x0][0x118]","12","0","12","524288","16777216","16777216","32","32","-","-","-","0","0","0","0","0","0","0","0","-","0","0","0","0","0","0","0","0","1","0","0","0","0","0","0","0","0","0","0","11","0","0","0","0","0","0","0","0","0","0","0","0","0","0","0","0","0","0","0","0","0","0"
"0x7fe4a325d240","      MOV R9, c[0x0][0x170]","23","7","23","524288","16777216","16777216","32","32","-","-","-","0","0","0","0","0","0","0","0","-","0","0","0","0","0","0","0","0","0","0","5","0","0","0","0","0","0","2","0","16","0","0","0","0","0","0","0","0","5","0","0","0","0","0","0","2","0","0","0","0","0","0"
"0x7fe4a325d250","      S2R R12, SR_CTAID.Y","9","0","9","524288","16777216","16777216","32","32","-","-","-","0","0","0","0","0","0","0","0","-","0","0","0","0","0","0","0","0","0","0","0","0","0","0","0","0","0","0","0","9","0","0","0","0","0","0","0","0","0","0","0","0","0","0","0","0","0","0","0","0","0","0"
"0x7fe4a325d260","      SHF.L.U32 R9, R9, 0x3, RZ","53","16","53","524288","16777216","16777216","32","32","-","-","-","0","0","0","0","0","0","0","0","-","0","0","0","0","0","0","0","0","0","0","0","0","0","4","0","0","0","0","1","18","0","0","0","30","0","0","0","0","0","0","0","4","0","0","0","0","0","0","0","0","0","12"
"0x7fe4a325d270","      S2R R14, SR_TID.Y","247","202","247","524288","16777216","16777216","32","32","-","-","-","0","0","0","0","0","0","0","0","-","0","0","0","0","0","0","0","0","2","0","0","0","0","0","0","213","0","0","21","11","0","0","0","0","0","0","0","0","0","0","0","0","0","202","0","0","0","0","0","0","0","0"
"0x7fe4a325d280","      S2R R19, SR_TID.X","239","176","239","524288","16777216","16777216","32","32","-","-","-","0","0","0","0","0","0","0","0","-","0","0","0","0","0","0","0","0","3","0","0","0","0","0","0","175","0","1","19","4","0","0","0","37","0","0","1","0","0","0","0","0","0","160","0","0","0","0","0","0","0","15"
"0x7fe4a325d290","      LEA R0, R12, R14, 0x5","445","375","445","524288","16777216","16777216","32","32","-","-","-","0","0","0","0","0","0","0","0","-","0","0","0","0","0","0","0","0","1","0","0","0","0","0","0","0","0","0","0","12","432","0","0","0","0","0","0","0","0","0","0","0","0","0","0","0","0","0","375","0","0","0"
"0x7fe4a325d2a0","      LEA R3, R10, R19, 0x5","221","185","221","524288","16777216","16777216","32","32","-","-","-","0","0","0","0","0","0","0","0","-","0","0","0","0","0","0","0","0","3","0","0","0","0","1","0","0","0","0","1","7","194","0","0","15","0","0","3","0","0","0","0","1","0","0","0","0","0","0","167","0","0","14"
"0x7fe4a325d2b0","      IMAD R3, R0, c[0x0][0x170], R3","78","41","78","524288","16777216","16777216","32","32","-","-","-","0","0","0","0","0","0","0","0","-","0","0","0","0","0","0","0","0","2","0","0","0","0","3","0","0","0","0","6","14","0","0","0","53","0","0","2","0","0","0","0","1","0","0","0","0","0","0","0","0","0","38"
"0x7fe4a325d2c0","      IMAD.WIDE R2, R3, R18, c[0x0][0x168]","65","26","65","524288","16777216","16777216","32","32","-","-","-","0","0","0","0","0","0","0","0","-","0","0","0","0","0","0","0","0","2","0","0","0","0","2","0","0","0","0","7","9","0","0","0","45","0","0","1","0","0","0","0","0","0","0","0","0","0","0","0","0","0","25"
"0x7fe4a325d2d0","      IMAD.WIDE R4, R9, 0x4, R2","130","76","130","524288","16777216","16777216","32","32","-","-","-","0","0","0","0","0","0","0","0","-","0","0","0","0","0","0","0","0","0","0","0","0","0","5","0","0","0","0","8","12","0","0","0","105","0","0","0","0","0","0","0","1","0","0","0","0","0","0","0","0","0","75"
"0x7fe4a325d2e0","      LDG.E R2, [R2.64]","216","166","216","524288","16777216","16777216","32","32","Global","Load","32","524288","0","0","0","0","0","2097152","2097152","","0","0","0","0","0","0","0","0","8","0","0","49","0","0","0","116","0","0","10","18","0","0","0","15","0","0","4","0","0","46","0","0","0","104","0","0","0","0","0","0","0","12"
"0x7fe4a325d2f0","      IMAD.WIDE R6, R9, 0x4, R4","82","27","82","524288","16777216","16777216","32","32","-","-","-","0","0","0","0","0","0","0","0","-","0","0","0","0","0","0","0","0","0","0","0","0","0","3","0","0","0","0","7","12","0","0","0","60","0","0","0","0","0","0","0","0","0","0","0","0","0","0","0","0","0","27"
"0x7fe4a325d300","      LDG.E R4, [R4.64]","127","98","127","524288","16777216","16777216","32","32","Global","Load","32","524288","0","0","0","0","0","2097152","2097152","","0","0","0","0","0","0","0","0","5","0","0","38","0","0","0","57","0","0","8","9","0","0","0","10","0","0","5","0","0","35","0","0","0","53","0","0","0","0","0","0","0","5"
"0x7fe4a325d310","      IMAD.WIDE R8, R9, 0x4, R6","70","42","70","524288","16777216","16777216","32","32","-","-","-","0","0","0","0","0","0","0","0","-","0","0","0","0","0","0","0","0","1","0","0","0","0","1","0","0","0","0","2","8","0","0","0","58","0","0","1","0","0","0","0","1","0","0","0","0","0","0","0","0","0","40"
"0x7fe4a325d320","      LDG.E R6, [R6.64]","145","121","145","524288","16777216","16777216","32","32","Global","Load","32","524288","0","0","0","0","0","2097152","2097152","","0","0","0","0","0","0","0","0","8","0","0","47","0","0","0","63","0","0","5","7","0","0","0","15","0","0","8","0","0","42","0","0","0","58","0","0","0","0","0","0","0","13"
"0x7fe4a325d330","      LDG.E R8, [R8.64]","170","136","170","524288","16777216","16777216","32","32","Global","Load","32","524288","0","0","0","0","0","2097152","2097152","","0","0","0","0","0","0","0","0","0","0","0","46","0","0","0","62","0","0","1","14","0","0","0","47","0","0","0","0","0","43","0","0","0","59","0","0","0","0","0","0","0","34"
"0x7fe4a325d340","      IMAD R21, R14, 0x21, R19","8","0","8","524288","16777216","16777216","32","32","-","-","-","0","0","0","0","0","0","0","0","-","0","0","0","0","0","0","0","0","0","0","0","0","0","0","0","0","0","0","0","8","0","0","0","0","0","0","0","0","0","0","0","0","0","0","0","0","0","0","0","0","0","0"
"0x7fe4a325d350","      IMAD R16, R19, 0x21, R14","45","14","45","524288","16777216","16777216","32","32","-","-","-","0","0","0","0","0","0","0","0","-","0","0","0","0","0","0","0","0","0","0","0","0","0","0","0","0","0","0","1","17","0","0","0","27","0","0","0","0","0","0","0","0","0","0","0","0","0","0","0","0","0","14"
"0x7fe4a325d360","      LEA R0, R10, R14, 0x5","16","0","16","524288","16777216","16777216","32","32","-","-","-","0","0","0","0","0","0","0","0","-","0","0","0","0","0","0","0","0","2","0","0","0","0","0","0","0","0","0","0","14","0","0","0","0","0","0","0","0","0","0","0","0","0","0","0","0","0","0","0","0","0","0"
"0x7fe4a325d370","      LEA R3, R12, R19, 0x5","49","27","49","524288","16777216","16777216","32","32","-","-","-","0","0","0","0","0","0","0","0","-","0","0","0","0","0","0","0","0","0","0","0","0","24","4","0","0","0","0","3","7","0","0","0","11","0","0","0","0","0","0","22","3","0","0","0","0","0","0","0","0","0","2"
"0x7fe4a325d380","      MOV R9, c[0x0][0x174]","469","400","469","524288","16777216","16777216","32","32","-","-","-","0","0","0","0","0","0","0","0","-","0","0","0","0","0","0","0","0","1","0","0","0","432","4","0","0","0","0","5","17","0","0","0","10","0","0","1","0","0","0","393","2","0","0","0","0","0","0","0","0","0","4"
"0x7fe4a325d390","      IMAD R3, R0, c[0x0][0x174], R3","38","17","38","524288","16777216","16777216","32","32","-","-","-","0","0","0","0","0","0","0","0","-","0","0","0","0","0","0","0","0","0","0","0","0","0","3","0","0","0","0","2","7","0","0","0","26","0","0","0","0","0","0","0","1","0","0","0","0","0","0","0","0","0","16"
"0x7fe4a325d3a0","      SHF.L.U32 R9, R9, 0x3, RZ","10","0","10","524288","16777216","16777216","32","32","-","-","-","0","0","0","0","0","0","0","0","-","0","0","0","0","0","0","0","0","3","0","0","0","0","0","0","0","0","0","0","7","0","0","0","0","0","0","0","0","0","0","0","0","0","0","0","0","0","0","0","0","0","0"
"0x7fe4a325d3b0","      STS [R21.X4], R2","19853","17825","19853","524288","16777216","16777216","32","32","Shared","Store","32","0","1","0","524288","524288","0","0","0","-","0","0","0","0","0","0","0","0","3","0","0","0","19700","0","0","130","0","0","7","13","0","0","0","0","0","0","2","0","0","0","17700","0","0","123","0","0","0","0","0","0","0","0"
"0x7fe4a325d3c0","      STS [R21.X4+0x420], R4","5022","4513","5022","524288","16777216","16777216","32","32","Shared","Store","32","0","1","0","524288","524288","0","0","0","-","0","0","0","0","0","0","0","0","1","0","0","0","4889","0","0","83","0","0","4","12","0","0","0","33","0","0","1","0","0","0","4405","0","0","79","0","0","0","0","0","0","0","28"
"0x7fe4a325d3d0","      STS [R21.X4+0x840], R6","3574","3202","3574","524288","16777216","16777216","32","32","Shared","Store","32","0","1","0","524288","524288","0","0","0","-","0","0","0","0","0","0","0","0","2","0","0","0","3429","0","0","90","0","0","7","10","0","0","0","36","0","0","2","0","0","0","3083","0","0","87","0","0","0","0","0","0","0","30"
"0x7fe4a325d3e0","      STS [R21.X4+0xc60], R8","2947","2661","2947","524288","16777216","16777216","32","32","Shared","Store","32","0","1","0","524288","524288","0","0","0","-","0","0","0","0","0","0","0","0","2","0","0","0","2825","0","0","72","0","0","6","9","0","0","0","33","0","0","1","0","0","0","2563","0","0","66","0","0","0","0","0","0","0","31"
"0x7fe4a325d3f0","      BAR.SYNC 0x0","113","89","113","524288","16777216","16777216","32","32","-","-","-","0","0","0","0","0","0","0","0","-","0","0","0","0","0","0","0","0","1","0","0","14","0","0","0","58","0","0","4","10","0","0","0","26","0","0","1","0","0","11","0","0","0","54","0","0","0","0","0","0","0","23"
"0x7fe4a325d400","      LDS R11, [R16.X4]","19618","17669","19618","524288","16777216","16777216","32","32","Shared","Load","32","0","1","0","524288","524288","0","0","0","-","0","0","0","0","0","0","19520","0","0","0","0","0","0","0","0","40","0","0","5","9","0","0","0","44","17594","0","0","0","0","0","0","0","0","33","0","0","0","0","0","0","0","42"
"0x7fe4a325d410","      LDS R13, [R16.X4+0x20]","94","61","94","524288","16777216","16777216","32","32","Shared","Load","32","0","1","0","524288","524288","0","0","0","-","0","0","0","0","0","0","0","0","1","0","0","0","0","0","0","44","0","0","4","14","0","0","0","31","0","0","0","0","0","0","0","0","0","41","0","0","0","0","0","0","0","20"
"0x7fe4a325d420","      LDS R15, [R16.X4+0x40]","123","100","123","524288","16777216","16777216","32","32","Shared","Load","32","0","1","0","524288","524288","0","0","0","-","0","0","0","0","0","0","0","0","0","0","0","0","0","0","0","75","0","0","4","8","0","0","0","36","0","0","0","0","0","0","0","0","0","74","0","0","0","0","0","0","0","26"
"0x7fe4a325d430","      LDS R17, [R16.X4+0x60]","198","154","198","524288","16777216","16777216","32","32","Shared","Load","32","0","1","0","524288","524288","0","0","0","-","0","0","0","0","0","0","0","0","3","0","0","0","0","0","0","134","0","0","12","12","0","0","0","37","0","0","2","0","0","0","0","0","0","121","0","0","0","0","0","0","0","31"
"0x7fe4a325d440","      IMAD.WIDE R2, R3, R18, c[0x0][0x160]","11","0","11","524288","16777216","16777216","32","32","-","-","-","0","0","0","0","0","0","0","0","-","0","0","0","0","0","0","0","0","0","0","0","0","0","0","0","0","0","0","0","11","0","0","0","0","0","0","0","0","0","0","0","0","0","0","0","0","0","0","0","0","0","0"
"0x7fe4a325d450","      IMAD.WIDE R4, R9, 0x4, R2","122","83","122","524288","16777216","16777216","32","32","-","-","-","0","0","0","0","0","0","0","0","-","0","0","0","0","0","0","0","0","2","0","0","0","0","7","0","0","0","0","5","13","0","0","0","95","0","0","1","0","0","0","0","7","0","0","0","0","0","0","0","0","0","75"
"0x7fe4a325d460","      IMAD.WIDE R6, R9, 0x4, R4","125","60","125","524288","16777216","16777216","32","32","-","-","-","0","0","0","0","0","0","0","0","-","0","0","0","0","0","0","0","0","1","0","0","0","0","2","0","0","0","0","3","14","0","0","0","105","0","0","0","0","0","0","0","1","0","0","0","0","0","0","0","0","0","59"
"0x7fe4a325d470","      IMAD.WIDE R8, R9, 0x4, R6","104","60","104","524288","16777216","16777216","32","32","-","-","-","0","0","0","0","0","0","0","0","-","0","0","0","0","0","0","0","0","0","0","0","0","0","0","0","0","0","0","2","10","0","0","0","92","0","0","0","0","0","0","0","0","0","0","0","0","0","0","0","0","0","60"
"0x7fe4a325d480","      STG.E [R2.64], R11","82","49","82","524288","16777216","16777216","32","32","Global","Store","32","524288","0","0","0","0","0","2097152","2097152","","0","0","0","0","0","0","0","0","8","0","0","5","0","0","0","45","0","0","7","12","5","0","0","0","0","0","2","0","0","3","0","0","0","39","0","0","0","0","5","0","0","0"
"0x7fe4a325d490","      STG.E [R4.64], R13","137","98","137","524288","16777216","16777216","32","32","Global","Store","32","524288","0","0","0","0","0","2097152","2097152","","0","0","0","0","0","0","0","0","16","0","0","14","0","0","0","39","0","0","3","15","1","0","0","49","0","0","14","0","0","14","0","0","0","37","0","0","0","0","1","0","0","32"
"0x7fe4a325d4a0","      STG.E [R6.64], R15","188","157","188","524288","16777216","16777216","32","32","Global","Store","32","524288","0","0","0","0","0","2097152","2097152","","0","0","0","0","0","0","0","0","1","0","0","58","0","0","0","67","0","0","7","10","3","0","0","42","0","0","0","0","0","55","0","0","0","64","0","0","0","0","2","0","0","36"
"0x7fe4a325d4b0","      STG.E [R8.64], R17","250","209","250","524288","16777216","16777216","32","32","Global","Store","32","524288","0","0","0","0","0","2097152","2097152","","0","0","0","0","0","0","0","0","2","0","0","99","0","0","0","62","0","0","14","11","20","0","0","42","0","0","2","0","0","91","0","0","0","58","0","0","0","0","18","0","0","40"
"0x7fe4a325d4c0","      EXIT","19","0","19","524288","16777216","16777216","32","32","-","-","-","0","0","0","0","0","0","0","0","-","0","0","0","0","0","0","0","0","1","0","0","0","0","0","0","0","0","0","0","18","0","0","0","0","0","0","0","0","0","0","0","0","0","0","0","0","0","0","0","0","0","0"
"0x7fe4a325d4d0","      BRA `(.L_x_0) 0x7fe4a325d4d0","1036","943","1036","0","0","0","0","0","-","-","-","0","0","0","0","0","0","0","0","-","0","0","0","0","0","0","0","83","0","897","0","0","0","0","0","0","0","0","0","8","0","0","0","48","0","72","0","828","0","0","0","0","0","0","0","0","0","0","0","0","0","43"
"0x7fe4a325d4e0","      NOP","0","0","0","0","0","0","0","0","-","-","-","0","0","0","0","0","0","0","0","-","0","0","0","0","0","0","0","0","0","0","0","0","0","0","0","0","0","0","0","0","0","0","0","0","0","0","0","0","0","0","0","0","0","0","0","0","0","0","0","0","0","0"
"0x7fe4a325d4f0","      NOP","0","0","0","0","0","0","0","0","-","-","-","0","0","0","0","0","0","0","0","-","0","0","0","0","0","0","0","0","0","0","0","0","0","0","0","0","0","0","0","0","0","0","0","0","0","0","0","0","0","0","0","0","0","0","0","0","0","0","0","0","0","0"
"0x7fe4a325d500","      NOP","0","0","0","0","0","0","0","0","-","-","-","0","0","0","0","0","0","0","0","-","0","0","0","0","0","0","0","0","0","0","0","0","0","0","0","0","0","0","0","0","0","0","0","0","0","0","0","0","0","0","0","0","0","0","0","0","0","0","0","0","0","0"
"0x7fe4a325d510","      NOP","0","0","0","0","0","0","0","0","-","-","-","0","0","0","0","0","0","0","0","-","0","0","0","0","0","0","0","0","0","0","0","0","0","0","0","0","0","0","0","0","0","0","0","0","0","0","0","0","0","0","0","0","0","0","0","0","0","0","0","0","0","0"
"0x7fe4a325d520","      NOP","0","0","0","0","0","0","0","0","-","-","-","0","0","0","0","0","0","0","0","-","0","0","0","0","0","0","0","0","0","0","0","0","0","0","0","0","0","0","0","0","0","0","0","0","0","0","0","0","0","0","0","0","0","0","0","0","0","0","0","0","0","0"
"0x7fe4a325d530","      NOP","0","0","0","0","0","0","0","0","-","-","-","0","0","0","0","0","0","0","0","-","0","0","0","0","0","0","0","0","0","0","0","0","0","0","0","0","0","0","0","0","0","0","0","0","0","0","0","0","0","0","0","0","0","0","0","0","0","0","0","0","0","0"
"0x7fe4a325d540","      NOP","0","0","0","0","0","0","0","0","-","-","-","0","0","0","0","0","0","0","0","-","0","0","0","0","0","0","0","0","0","0","0","0","0","0","0","0","0","0","0","0","0","0","0","0","0","0","0","0","0","0","0","0","0","0","0","0","0","0","0","0","0","0"
"0x7fe4a325d550","      NOP","0","0","0","0","0","0","0","0","-","-","-","0","0","0","0","0","0","0","0","-","0","0","0","0","0","0","0","0","0","0","0","0","0","0","0","0","0","0","0","0","0","0","0","0","0","0","0","0","0","0","0","0","0","0","0","0","0","0","0","0","0","0"
"0x7fe4a325d560","      NOP","0","0","0","0","0","0","0","0","-","-","-","0","0","0","0","0","0","0","0","-","0","0","0","0","0","0","0","0","0","0","0","0","0","0","0","0","0","0","0","0","0","0","0","0","0","0","0","0","0","0","0","0","0","0","0","0","0","0","0","0","0","0"
"0x7fe4a325d570","      NOP","0","0","0","0","0","0","0","0","-","-","-","0","0","0","0","0","0","0","0","-","0","0","0","0","0","0","0","0","0","0","0","0","0","0","0","0","0","0","0","0","0","0","0","0","0","0","0","0","0","0","0","0","0","0","0","0","0","0","0","0","0","0"
