"Kernel Name","transposeCoalesced(float *, float *, int, int)",
"Address","Source","Warp Stall Sampling (All Samples)","Warp Stall Sampling (Not-issued Samples)","# Samples","Instructions Executed","Thread Instructions Executed","Predicated-On Thread Instructions Executed","Avg. Threads Executed","Avg. Predicated-On Threads Executed","Address Space","Access Operation","Access Size","L1 Tag Requests Global","L1 Conflicts Shared N-Way","L1 Wavefronts Shared Excessive","L1 Wavefronts Shared","L1 Wavefronts Shared Ideal","L2 Theoretical Sectors Global Excessive","L2 Theoretical Sectors Global","L2 Theoretical Sectors Global Ideal","L2 Explicit Evict Policies","L2 Explicit Hit Policy Evict First","L2 Explicit Hit Policy Evict Last","L2 Explicit Hit Policy Evict Normal","L2 Explicit Hit Policy Evict Normal Demote","L2 Explicit Miss Policy Evict First","L2 Explicit Miss Policy Evict Normal","stall_barrier","stall_branch_resolving","stall_dispatch","stall_drain","stall_imc","stall_lg","stall_long_sb","stall_math","stall_membar","stall_mio","stall_misc","stall_no_inst","stall_not_selected","stall_selected","stall_short_sb","stall_sleep","stall_tex","stall_wait","stall_barrier (Not Issued)","stall_branch_resolving (Not Issued)","stall_dispatch (Not Issued)","stall_drain (Not Issued)","stall_imc (Not Issued)","stall_lg (Not Issued)","stall_long_sb (Not Issued)","stall_math (Not Issued)","stall_membar (Not Issued)","stall_mio (Not Issued)","stall_misc (Not Issued)","stall_no_inst (Not Issued)","stall_not_selected (Not Issued)","stall_selected (Not Issued)","stall_short_sb (Not Issued)","stall_sleeping (Not Issued)","stall_tex (Not Issued)","stall_wait (Not Issued)"
"0x7fd4a325d200","      MOV R1, c[0x0][0x28]","92","44","92","524288","16777216","16777216","32","32","-","-","-","0","0","0","0","0","0","0","0","-","0","0","0","0","0","0","0","0","2","0","8","0","0","7","0","0","0","65","10","0","0","0","0","0","0","0","0","0","7","0","0","1","0","0","0","36","0","0","0","0","0","0"
"0x7fd4a325d210","      S2R R10, SR_CTAID.X","32","9","32","524288","16777216","16777216","32","32","-","-","-","0","0","0","0","0","0","0","0","-","0","0","0","0","0","0","0","0","0","0","0","0","0","0","0","0","0","0","8","14","0","0","0","10","0","0","0","0","0","0","0","0","0","0","0","0","0","0","0","0","0","9"
"0x7fd4a325d220","      MOV R18, 0x4","7","0","7","524288","16777216","16777216","32","32","-","-","-","0","0","0","0","0","0","0","0","-","0","0","0","0","0","0","0","0","0","0","0","0","0","0","0","0","0","0","0","7","0","0","0","0","0","0","0","0","0","0","0","0","0","0","0","0","0","0","0","0","0","0"
"0x7fd4a325d230","      ULDC.64 UR4, c[0x0][0x118]","32","16","32","524288","16777216","16777216","32","32","-","-","-","0","0","0","0","0","0","0","0","-","0","0","0","0","0","0","0","0","1","0","20","0","0","0","0","0","0","0","0","11","0","0","0","0","0","0","0","0","16","0","0","0","0","0","0","0","0","0","0","0","0","0"
"0x7fd4a325d240","      MOV R9, c[0x0][0x170]","9","0","9","524288","16777216","16777216","32","32","-","-","-","0","0","0","0","0","0","0","0","-","0","0","0","0","0","0","0","0","0","0","0","0","0","0","0","0","0","0","0","9","0","0","0","0","0","0","0","0","0","0","0","0","0","0","0","0","0","0","0","0","0","0"
"0x7fd4a325d250","      S2R R12, SR_CTAID.Y","13","0","13","524288","16777216","16777216","32","32","-","-","-","0","0","0","0","0","0","0","0","-","0","0","0","0","0","0","0","0","0","0","0","0","0","0","0","0","0","0","0","13","0","0","0","0","0","0","0","0","0","0","0","0","0","0","0","0","0","0","0","0","0","0"
"0x7fd4a325d260","      SHF.L.U32 R9, R9, 0x3, RZ","35","9","35","524288","16777216","16777216","32","32","-","-","-","0","0","0","0","0","0","0","0","-","0","0","0","0","0","0","0","0","0","0","0","0","0","6","0","0","0","0","3","13","0","0","0","13","0","0","0","0","0","0","0","4","0","0","0","0","0","0","0","0","0","5"
"0x7fd4a325d270","      S2R R14, SR_TID.Y","16005","15106","16005","524288","16777216","16777216","32","32","-","-","-","0","0","0","0","0","0","0","0","-","0","0","0","0","0","0","0","0","33","0","0","0","0","0","0","15592","0","0","373","7","0","0","0","0","0","0","19","0","0","0","0","0","0","15087","0","0","0","0","0","0","0","0"
"0x7fd4a325d280","      S2R R19, SR_TID.X","3275","2966","3275","524288","16777216","16777216","32","32","-","-","-","0","0","0","0","0","0","0","0","-","0","0","0","0","0","0","0","0","30","0","0","0","0","0","0","3068","0","0","126","7","0","0","0","44","0","0","12","0","0","0","0","0","0","2931","0","0","0","0","0","0","0","23"
"0x7fd4a325d290","      LEA R0, R12, R14, 0x5","897","762","897","524288","16777216","16777216","32","32","-","-","-","0","0","0","0","0","0","0","0","-","0","0","0","0","0","0","0","0","7","0","0","0","0","11","0","0","0","0","6","7","866","0","0","0","0","0","3","0","0","0","0","3","0","0","0","0","0","0","756","0","0","0"
"0x7fd4a325d2a0","      LEA R3, R10, R19, 0x5","1354","1152","1354","524288","16777216","16777216","32","32","-","-","-","0","0","0","0","0","0","0","0","-","0","0","0","0","0","0","0","0","10","0","0","0","0","22","0","0","0","0","29","11","1264","0","0","18","0","0","5","0","0","0","0","7","0","0","0","0","0","0","1129","0","0","11"
"0x7fd4a325d2b0","      IMAD R3, R0, c[0x0][0x170], R3","110","51","110","524288","16777216","16777216","32","32","-","-","-","0","0","0","0","0","0","0","0","-","0","0","0","0","0","0","0","0","3","0","0","0","0","4","0","0","0","0","8","16","0","0","0","79","0","0","0","0","0","0","0","2","0","0","0","0","0","0","0","0","0","49"
"0x7fd4a325d2c0","      IMAD.WIDE R2, R3, R18, c[0x0][0x168]","88","33","88","524288","16777216","16777216","32","32","-","-","-","0","0","0","0","0","0","0","0","-","0","0","0","0","0","0","0","0","1","0","0","0","0","4","0","0","0","0","9","13","0","0","0","61","0","0","1","0","0","0","0","0","0","0","0","0","0","0","0","0","0","32"
"0x7fd4a325d2d0","      IMAD.WIDE R4, R9, 0x4, R2","149","76","149","524288","16777216","16777216","32","32","-","-","-","0","0","0","0","0","0","0","0","-","0","0","0","0","0","0","0","0","2","0","0","0","0","5","0","0","0","0","9","14","0","0","0","119","0","0","1","0","0","0","0","2","0","0","0","0","0","0","0","0","0","73"
"0x7fd4a325d2e0","      LDG.E R2, [R2.64]","3447","3170","3447","524288","16777216","16777216","32","32","Global","Load","32","524288","0","0","0","0","0","2097152","2097152","","0","0","0","0","0","0","0","0","15","0","0","379","0","0","0","2934","0","0","86","13","0","0","0","20","0","0","11","0","0","342","0","0","0","2812","0","0","0","0","0","0","0","5"
"0x7fd4a325d2f0","      IMAD.WIDE R6, R9, 0x4, R4","90","40","90","524288","16777216","16777216","32","32","-","-","-","0","0","0","0","0","0","0","0","-","0","0","0","0","0","0","0","0","4","0","0","0","0","2","0","0","0","0","3","16","0","0","0","65","0","0","4","0","0","0","0","1","0","0","0","0","0","0","0","0","0","35"
"0x7fd4a325d300","      LDG.E R4, [R4.64]","640","556","640","524288","16777216","16777216","32","32","Global","Load","32","524288","0","0","0","0","0","2097152","2097152","","0","0","0","0","0","0","0","0","8","0","0","90","0","0","0","499","0","0","15","9","0","0","0","19","0","0","3","0","0","81","0","0","0","468","0","0","0","0","0","0","0","4"
"0x7fd4a325d310","      IMAD.WIDE R8, R9, 0x4, R6","80","28","80","524288","16777216","16777216","32","32","-","-","-","0","0","0","0","0","0","0","0","-","0","0","0","0","0","0","0","0","3","0","0","0","0","1","0","0","0","0","1","14","0","0","0","61","0","0","3","0","0","0","0","0","0","0","0","0","0","0","0","0","0","25"
"0x7fd4a325d320","      LDG.E R6, [R6.64]","609","505","609","524288","16777216","16777216","32","32","Global","Load","32","524288","0","0","0","0","0","2097152","2097152","","0","0","0","0","0","0","0","0","7","0","0","97","0","0","0","451","0","0","31","15","0","0","0","8","0","0","6","0","0","83","0","0","0","411","0","0","0","0","0","0","0","5"
"0x7fd4a325d330","      LDG.E R8, [R8.64]","307","226","307","524288","16777216","16777216","32","32","Global","Load","32","524288","0","0","0","0","0","2097152","2097152","","0","0","0","0","0","0","0","0","5","0","0","37","0","0","0","180","0","0","8","13","0","0","0","64","0","0","2","0","0","31","0","0","0","166","0","0","0","0","0","0","0","27"
"0x7fd4a325d340","      LEA R21, R14, R19, 0x5","5","0","5","524288","16777216","16777216","32","32","-","-","-","0","0","0","0","0","0","0","0","-","0","0","0","0","0","0","0","0","0","0","0","0","0","0","0","0","0","0","0","5","0","0","0","0","0","0","0","0","0","0","0","0","0","0","0","0","0","0","0","0","0","0"
"0x7fd4a325d350","      LEA R16, R19, R14, 0x5","33","7","33","524288","16777216","16777216","32","32","-","-","-","0","0","0","0","0","0","0","0","-","0","0","0","0","0","0","0","0","2","0","0","0","0","5","0","0","0","0","3","11","0","0","0","12","0","0","2","0","0","0","0","0","0","0","0","0","0","0","0","0","0","5"
"0x7fd4a325d360","      LEA R0, R10, R14, 0x5","37","8","37","524288","16777216","16777216","32","32","-","-","-","0","0","0","0","0","0","0","0","-","0","0","0","0","0","0","0","0","2","0","0","0","0","7","0","0","0","0","1","6","0","0","0","21","0","0","1","0","0","0","0","3","0","0","0","0","0","0","0","0","0","4"
"0x7fd4a325d370","      LEA R3, R12, R19, 0x5","40","20","40","524288","16777216","16777216","32","32","-","-","-","0","0","0","0","0","0","0","0","-","0","0","0","0","0","0","0","0","6","0","0","0","3","3","0","0","0","0","3","7","0","0","0","18","0","0","4","0","0","0","3","2","0","0","0","0","0","0","0","0","0","11"
"0x7fd4a325d380","      MOV R9, c[0x0][0x174]","365","230","365","524288","16777216","16777216","32","32","-","-","-","0","0","0","0","0","0","0","0","-","0","0","0","0","0","0","0","0","7","0","0","0","305","12","0","0","0","0","9","15","0","0","0","17","0","0","4","0","0","0","216","5","0","0","0","0","0","0","0","0","0","5"
"0x7fd4a325d390","      IMAD R3, R0, c[0x0][0x174], R3","62","14","62","524288","16777216","16777216","32","32","-","-","-","0","0","0","0","0","0","0","0","-","0","0","0","0","0","0","0","0","5","0","0","0","0","2","0","0","0","0","6","14","0","0","0","35","0","0","2","0","0","0","0","0","0","0","0","0","0","0","0","0","0","12"
"0x7fd4a325d3a0","      SHF.L.U32 R9, R9, 0x3, RZ","22","0","22","524288","16777216","16777216","32","32","-","-","-","0","0","0","0","0","0","0","0","-","0","0","0","0","0","0","0","0","7","0","0","0","0","0","0","0","0","0","0","15","0","0","0","0","0","0","0","0","0","0","0","0","0","0","0","0","0","0","0","0","0","0"
"0x7fd4a325d3b0","      STS [R21.X4], R2","14731","13082","14731","524288","16777216","16777216","32","32","Shared","Store","32","0","1","0","524288","524288","0","0","0","-","0","0","0","0","0","0","0","0","1","0","0","0","9908","0","0","4711","0","0","101","10","0","0","0","0","0","0","0","0","0","0","8451","0","0","4631","0","0","0","0","0","0","0","0"
"0x7fd4a325d3c0","      STS [R21.X4+0x400], R4","3294","3081","3294","524288","16777216","16777216","32","32","Shared","Store","32","0","1","0","524288","524288","0","0","0","-","0","0","0","0","0","0","0","0","1","0","0","0","1207","0","0","1999","0","0","42","10","0","0","0","35","0","0","0","0","0","0","1076","0","0","1975","0","0","0","0","0","0","0","30"
"0x7fd4a325d3d0","      STS [R21.X4+0x800], R6","2330","2185","2330","524288","16777216","16777216","32","32","Shared","Store","32","0","1","0","524288","524288","0","0","0","-","0","0","0","0","0","0","0","0","1","0","0","0","690","0","0","1573","0","0","22","12","0","0","0","32","0","0","1","0","0","0","605","0","0","1552","0","0","0","0","0","0","0","27"
"0x7fd4a325d3e0","      STS [R21.X4+0xc00], R8","1832","1727","1832","524288","16777216","16777216","32","32","Shared","Store","32","0","1","0","524288","524288","0","0","0","-","0","0","0","0","0","0","0","0","0","0","0","0","406","0","0","1362","0","0","27","6","0","0","0","31","0","0","0","0","0","0","357","0","0","1344","0","0","0","0","0","0","0","26"
"0x7fd4a325d3f0","      BAR.SYNC 0x0","1569","1497","1569","524288","16777216","16777216","32","32","-","-","-","0","0","0","0","0","0","0","0","-","0","0","0","0","0","0","0","0","0","0","0","280","0","0","0","1214","0","0","33","10","0","0","0","32","0","0","0","0","0","272","0","0","0","1193","0","0","0","0","0","0","0","32"
"0x7fd4a325d400","      LDS R11, [R16.X4]","13749","13046","13749","524288","16777216","16777216","32","32","Shared","Load","32","0","32","16252928","16777216","524288","0","0","0","-","0","0","0","0","0","0","10520","0","1","0","0","0","0","0","0","3126","0","0","33","11","0","0","0","58","9964","0","1","0","0","0","0","0","0","3031","0","0","0","0","0","0","0","50"
"0x7fd4a325d410","      LDS R13, [R16.X4+0x20]","1558","1478","1558","524288","16777216","16777216","32","32","Shared","Load","32","0","32","16252928","16777216","524288","0","0","0","-","0","0","0","0","0","0","0","0","1","0","0","0","0","0","0","1481","0","0","18","16","0","0","0","42","0","0","1","0","0","0","0","0","0","1438","0","0","0","0","0","0","0","39"
"0x7fd4a325d420","      LDS R15, [R16.X4+0x40]","1072","1016","1072","524288","16777216","16777216","32","32","Shared","Load","32","0","32","16252928","16777216","524288","0","0","0","-","0","0","0","0","0","0","0","0","1","0","0","0","0","0","0","1000","0","0","10","19","0","0","0","42","0","0","1","0","0","0","0","0","0","978","0","0","0","0","0","0","0","37"
"0x7fd4a325d430","      LDS R17, [R16.X4+0x60]","1144","1078","1144","524288","16777216","16777216","32","32","Shared","Load","32","0","32","16252928","16777216","524288","0","0","0","-","0","0","0","0","0","0","0","0","0","0","0","0","0","0","0","1073","0","0","11","19","0","0","0","41","0","0","0","0","0","0","0","0","0","1045","0","0","0","0","0","0","0","33"
"0x7fd4a325d440","      IMAD.WIDE R2, R3, R18, c[0x0][0x160]","10","0","10","524288","16777216","16777216","32","32","-","-","-","0","0","0","0","0","0","0","0","-","0","0","0","0","0","0","0","0","1","0","0","0","0","0","0","0","0","0","0","9","0","0","0","0","0","0","0","0","0","0","0","0","0","0","0","0","0","0","0","0","0","0"
"0x7fd4a325d450","      IMAD.WIDE R4, R9, 0x4, R2","102","77","102","524288","16777216","16777216","32","32","-","-","-","0","0","0","0","0","0","0","0","-","0","0","0","0","0","0","0","0","0","0","0","0","0","0","0","0","0","0","2","15","0","0","0","85","0","0","0","0","0","0","0","0","0","0","0","0","0","0","0","0","0","77"
"0x7fd4a325d460","      IMAD.WIDE R6, R9, 0x4, R4","109","73","109","524288","16777216","16777216","32","32","-","-","-","0","0","0","0","0","0","0","0","-","0","0","0","0","0","0","0","0","0","0","0","0","0","0","0","0","0","0","1","17","0","0","0","91","0","0","0","0","0","0","0","0","0","0","0","0","0","0","0","0","0","73"
"0x7fd4a325d470","      IMAD.WIDE R8, R9, 0x4, R6","114","83","114","524288","16777216","16777216","32","32","-","-","-","0","0","0","0","0","0","0","0","-","0","0","0","0","0","0","0","0","0","0","0","0","0","1","0","0","0","0","1","13","0","0","0","99","0","0","0","0","0","0","0","1","0","0","0","0","0","0","0","0","0","82"
"0x7fd4a325d480","      STG.E [R2.64], R11","2783","2651","2783","524288","16777216","16777216","32","32","Global","Store","32","524288","0","0","0","0","0","2097152","2097152","","0","0","0","0","0","0","0","0","0","0","0","162","0","0","0","1083","0","0","9","19","1510","0","0","0","0","0","0","0","0","154","0","0","0","1053","0","0","0","0","1444","0","0","0"
"0x7fd4a325d490","      STG.E [R4.64], R13","2143","2100","2143","524288","16777216","16777216","32","32","Global","Store","32","524288","0","0","0","0","0","2097152","2097152","","0","0","0","0","0","0","0","0","0","0","0","138","0","0","0","733","0","0","0","10","1231","0","0","31","0","0","0","0","0","137","0","0","0","730","0","0","0","0","1203","0","0","30"
"0x7fd4a325d4a0","      STG.E [R6.64], R15","2155","2124","2155","524288","16777216","16777216","32","32","Global","Store","32","524288","0","0","0","0","0","2097152","2097152","","0","0","0","0","0","0","0","0","0","0","0","186","0","0","0","637","0","0","1","5","1294","0","0","32","0","0","0","0","0","181","0","0","0","634","0","0","0","0","1278","0","0","31"
"0x7fd4a325d4b0","      STG.E [R8.64], R17","1704","1636","1704","524288","16777216","16777216","32","32","Global","Store","32","524288","0","0","0","0","0","2097152","2097152","","0","0","0","0","0","0","0","0","0","0","0","180","0","0","0","414","0","0","3","13","1057","0","0","37","0","0","0","0","0","166","0","0","0","409","0","0","0","0","1024","0","0","37"
"0x7fd4a325d4c0","      EXIT","11","0","11","524288","16777216","16777216","32","32","-","-","-","0","0","0","0","0","0","0","0","-","0","0","0","0","0","0","0","0","0","0","0","0","0","0","0","0","0","0","0","11","0","0","0","0","0","0","0","0","0","0","0","0","0","0","0","0","0","0","0","0","0","0"
"0x7fd4a325d4d0","      BRA `(.L_x_0) 0x7fd4a325d4d0","3131","2953","3131","0","0","0","0","0","-","-","-","0","0","0","0","0","0","0","0","-","0","0","0","0","0","0","0","93","0","2992","0","0","0","0","0","0","0","0","0","10","0","0","0","36","0","84","0","2834","0","0","0","0","0","0","0","0","0","0","0","0","0","35"
"0x7fd4a325d4e0","      NOP","0","0","0","0","0","0","0","0","-","-","-","0","0","0","0","0","0","0","0","-","0","0","0","0","0","0","0","0","0","0","0","0","0","0","0","0","0","0","0","0","0","0","0","0","0","0","0","0","0","0","0","0","0","0","0","0","0","0","0","0","0","0"
"0x7fd4a325d4f0","      NOP","0","0","0","0","0","0","0","0","-","-","-","0","0","0","0","0","0","0","0","-","0","0","0","0","0","0","0","0","0","0","0","0","0","0","0","0","0","0","0","0","0","0","0","0","0","0","0","0","0","0","0","0","0","0","0","0","0","0","0","0","0","0"
"0x7fd4a325d500","      NOP","0","0","0","0","0","0","0","0","-","-","-","0","0","0","0","0","0","0","0","-","0","0","0","0","0","0","0","0","0","0","0","0","0","0","0","0","0","0","0","0","0","0","0","0","0","0","0","0","0","0","0","0","0","0","0","0","0","0","0","0","0","0"
"0x7fd4a325d510","      NOP","0","0","0","0","0","0","0","0","-","-","-","0","0","0","0","0","0","0","0","-","0","0","0","0","0","0","0","0","0","0","0","0","0","0","0","0","0","0","0","0","0","0","0","0","0","0","0","0","0","0","0","0","0","0","0","0","0","0","0","0","0","0"
"0x7fd4a325d520","      NOP","0","0","0","0","0","0","0","0","-","-","-","0","0","0","0","0","0","0","0","-","0","0","0","0","0","0","0","0","0","0","0","0","0","0","0","0","0","0","0","0","0","0","0","0","0","0","0","0","0","0","0","0","0","0","0","0","0","0","0","0","0","0"
"0x7fd4a325d530","      NOP","0","0","0","0","0","0","0","0","-","-","-","0","0","0","0","0","0","0","0","-","0","0","0","0","0","0","0","0","0","0","0","0","0","0","0","0","0","0","0","0","0","0","0","0","0","0","0","0","0","0","0","0","0","0","0","0","0","0","0","0","0","0"
"0x7fd4a325d540","      NOP","0","0","0","0","0","0","0","0","-","-","-","0","0","0","0","0","0","0","0","-","0","0","0","0","0","0","0","0","0","0","0","0","0","0","0","0","0","0","0","0","0","0","0","0","0","0","0","0","0","0","0","0","0","0","0","0","0","0","0","0","0","0"
"0x7fd4a325d550","      NOP","0","0","0","0","0","0","0","0","-","-","-","0","0","0","0","0","0","0","0","-","0","0","0","0","0","0","0","0","0","0","0","0","0","0","0","0","0","0","0","0","0","0","0","0","0","0","0","0","0","0","0","0","0","0","0","0","0","0","0","0","0","0"
"0x7fd4a325d560","      NOP","0","0","0","0","0","0","0","0","-","-","-","0","0","0","0","0","0","0","0","-","0","0","0","0","0","0","0","0","0","0","0","0","0","0","0","0","0","0","0","0","0","0","0","0","0","0","0","0","0","0","0","0","0","0","0","0","0","0","0","0","0","0"
"0x7fd4a325d570","      NOP","0","0","0","0","0","0","0","0","-","-","-","0","0","0","0","0","0","0","0","-","0","0","0","0","0","0","0","0","0","0","0","0","0","0","0","0","0","0","0","0","0","0","0","0","0","0","0","0","0","0","0","0","0","0","0","0","0","0","0","0","0","0"
