# Source: Table I of arXiv 2609.16338v1, https://arxiv.org/html/2609.16338 (fetched 2026-10-02)
# Columns: zero density % (z), BITCOS symbols-only bits/weight (= 2 - z), BITCOS + measured 16-bit scale overhead, 2-bit packing + scale, BITCOS reduction vs 2-bit, five-trit-per-byte + scale (symbols-only 1.625), BITCOS reduction vs five-trit. "-" means not given (BitNet has no group scales).
family,model,zero_pct,bitcos_symbols,bitcos_plus_scale,twobit_plus_scale,red_vs_twobit,fivetrit_plus_scale,red_vs_fivetrit
BitNet,BitNet b1.58 2B4T,42.19,1.578,-,2.000,1.27,1.625,1.03
Bonsai (Prism ML),Bonsai 1.7B,39.89,1.601,1.726,2.125,1.23,1.750,1.01
Bonsai (Prism ML),Bonsai 4B,37.71,1.623,1.748,2.125,1.22,1.750,1.00
Bonsai (Prism ML),Bonsai 8B,38.25,1.618,1.743,2.125,1.22,1.750,1.00
Bonsai (Prism ML),Bonsai 27B,29.66,1.703,1.828,2.125,1.16,1.750,0.96
CAT-Q,CAT-Q Qwen3-1.7B,51.48,1.485,1.610,2.125,1.32,1.750,1.09
CAT-Q,CAT-Q Qwen3-8B,46.70,1.533,1.658,2.125,1.28,1.750,1.06
CAT-Q,CAT-Q Qwen3-30B-A3B,32.88,1.671,1.796,2.125,1.18,1.750,0.97
CAT-Q,CAT-Q Qwen3-32B,47.11,1.529,1.654,2.125,1.28,1.750,1.06
CAT-Q,CAT-Q Qwen3-235B-A22B,34.07,1.659,1.784,2.125,1.19,1.750,0.98
ParetoQ,ParetoQ 125M,41.07,1.589,1.613,2.023,1.25,1.648,1.02
ParetoQ,ParetoQ 350M,41.58,1.584,1.598,2.014,1.26,1.639,1.03
ParetoQ,ParetoQ 600M,43.27,1.567,1.579,2.012,1.27,1.637,1.04
ParetoQ,ParetoQ 1B,44.18,1.558,1.569,2.010,1.28,1.635,1.04
ParetoQ,ParetoQ 1.5B,47.10,1.529,1.537,2.008,1.31,1.633,1.06
TriLM (Spectra),TriLM 99M,40.97,1.590,1.618,2.027,1.25,1.652,1.02
TriLM (Spectra),TriLM 190M,40.67,1.593,1.611,2.018,1.25,1.643,1.02
TriLM (Spectra),TriLM 390M,40.79,1.592,1.606,2.014,1.25,1.639,1.02
TriLM (Spectra),TriLM 560M,40.73,1.593,1.604,2.011,1.25,1.636,1.02
TriLM (Spectra),TriLM 830M,40.54,1.595,1.604,2.009,1.25,1.634,1.02
TriLM (Spectra),TriLM 1.1B,40.39,1.596,1.605,2.009,1.25,1.634,1.02
TriLM (Spectra),TriLM 1.5B,40.21,1.598,1.606,2.008,1.25,1.633,1.02
TriLM (Spectra),TriLM 2.4B,39.70,1.603,1.610,2.007,1.25,1.632,1.01
TriLM (Spectra),TriLM 3.9B,38.70,1.613,1.618,2.005,1.24,1.630,1.01
Maple,Maple 20B-A1B,40.67,1.593,1.609,2.016,1.25,1.641,1.02
BitCPM-CANN,BitCPM-CANN 0.5B,37.67,1.623,1.636,2.012,1.23,1.637,1.00
BitCPM-CANN,BitCPM-CANN 1B,38.39,1.616,1.623,2.006,1.24,1.631,1.01
BitCPM-CANN,BitCPM-CANN 3B,38.06,1.619,1.624,2.005,1.23,1.630,1.00
BitCPM-CANN,BitCPM-CANN 8B,39.30,1.607,1.610,2.003,1.24,1.628,1.01
