k1_vadd	sm_80	0	
k1_vadd	sm_89	0	
k1_vadd	sm_90	0	
k1_vadd	sm_90a	0	
k1_vadd	sm_100	0	
k1_vadd	sm_100a	0	
k1_vadd	sm_100f	0	
k1_vadd	sm_103a	0	
k1_vadd	sm_103f	0	
k1_vadd	sm_110a	0	
k1_vadd	sm_120	0	
k1_vadd	sm_120a	0	
k1_vadd	sm_120f	0	
k1_vadd	sm_121a	0	
k7_mma_fp8	sm_80	255	ptxas  line 52; error   : Feature 'mma with FP8 floating point type' requires .target sm_89 or higher
k7_mma_fp8	sm_89	0	
k7_mma_fp8	sm_90	0	
k7_mma_fp8	sm_90a	0	
k7_mma_fp8	sm_100	0	
k7_mma_fp8	sm_100a	0	
k7_mma_fp8	sm_100f	0	
k7_mma_fp8	sm_103a	0	
k7_mma_fp8	sm_103f	0	
k7_mma_fp8	sm_110a	0	
k7_mma_fp8	sm_120	0	
k7_mma_fp8	sm_120a	0	
k7_mma_fp8	sm_120f	0	
k7_mma_fp8	sm_121a	0	
k8_wgmma	sm_80	255	ptxas  line 122; error   : Modifier '.async' requires .target sm_90 or higher
k8_wgmma	sm_89	255	ptxas  line 122; error   : Modifier '.async' requires .target sm_90 or higher
k8_wgmma	sm_90	255	ptxas  line 126; error   : Instruction 'wgmma.fence' not supported on .target 'sm_90'
k8_wgmma	sm_90a	0	
k8_wgmma	sm_100	255	ptxas  line 75; error   : Instruction 'wgmma.fence' not supported on .target 'sm_100'
k8_wgmma	sm_100a	255	ptxas  line 75; error   : Instruction 'wgmma.fence' not supported on .target 'sm_100a'
k8_wgmma	sm_100f	255	ptxas  line 75; error   : Instruction 'wgmma.fence' not supported on .target 'sm_100f'
k8_wgmma	sm_103a	255	ptxas  line 75; error   : Instruction 'wgmma.fence' not supported on .target 'sm_103a'
k8_wgmma	sm_103f	255	ptxas  line 75; error   : Instruction 'wgmma.fence' not supported on .target 'sm_103f'
k8_wgmma	sm_110a	255	ptxas  line 76; error   : Instruction 'wgmma.fence' not supported on .target 'sm_110a'
k8_wgmma	sm_120	255	ptxas  line 76; error   : Instruction 'wgmma.fence' not supported on .target 'sm_120'
k8_wgmma	sm_120a	255	ptxas  line 76; error   : Instruction 'wgmma.fence' not supported on .target 'sm_120a'
k8_wgmma	sm_120f	255	ptxas  line 76; error   : Instruction 'wgmma.fence' not supported on .target 'sm_120f'
k8_wgmma	sm_121a	255	ptxas  line 76; error   : Instruction 'wgmma.fence' not supported on .target 'sm_121a'
k9_tcgen05	sm_80	255	ptxas  line 183; error   : Instruction 'tcgen05.alloc' not supported on .target 'sm_80'
k9_tcgen05	sm_89	255	ptxas  line 183; error   : Instruction 'tcgen05.alloc' not supported on .target 'sm_89'
k9_tcgen05	sm_90	255	ptxas  line 183; error   : Instruction 'tcgen05.alloc' not supported on .target 'sm_90'
k9_tcgen05	sm_90a	255	ptxas  line 183; error   : Instruction 'tcgen05.alloc' not supported on .target 'sm_90a'
k9_tcgen05	sm_100	255	ptxas  line 87; error   : Instruction 'tcgen05.alloc' not supported on .target 'sm_100'
k9_tcgen05	sm_100a	0	
k9_tcgen05	sm_100f	0	
k9_tcgen05	sm_103a	0	
k9_tcgen05	sm_103f	0	
k9_tcgen05	sm_110a	0	
k9_tcgen05	sm_120	255	ptxas  line 87; error   : Instruction 'tcgen05.alloc' not supported on .target 'sm_120'
k9_tcgen05	sm_120a	255	ptxas  line 87; error   : Instruction 'tcgen05.alloc' not supported on .target 'sm_120a'
k9_tcgen05	sm_120f	255	ptxas  line 87; error   : Instruction 'tcgen05.alloc' not supported on .target 'sm_120f'
k9_tcgen05	sm_121a	255	ptxas  line 87; error   : Instruction 'tcgen05.alloc' not supported on .target 'sm_121a'
k11_tma	sm_80	1	k11_tma.cu(8): error: __cluster_dims__ is not supported for this GPU architecture
k11_tma	sm_89	1	k11_tma.cu(8): error: __cluster_dims__ is not supported for this GPU architecture
k11_tma	sm_90	0	
k11_tma	sm_90a	0	
k11_tma	sm_100	0	
k11_tma	sm_100a	0	
k11_tma	sm_100f	0	
k11_tma	sm_103a	0	
k11_tma	sm_103f	0	
k11_tma	sm_110a	0	
k11_tma	sm_120	0	
k11_tma	sm_120a	0	
k11_tma	sm_120f	0	
k11_tma	sm_121a	0	
