softmax.compute_90.cpp1.ii	1400020
softmax.compute_90.cudafe1.c	17
softmax.compute_90.cudafe1.gpu	15570
softmax.compute_90.cudafe1.stub.c	1588
softmax.compute_90.ptx	6117
softmax.compute_90a.cpp1.ii	1400020
softmax.compute_90a.cudafe1.c	17
softmax.compute_90a.cudafe1.cpp	1159031
softmax.compute_90a.cudafe1.gpu	15570
softmax.compute_90a.cudafe1.stub.c	1589
softmax.compute_90a.ptx	6118
softmax.compute_90a.sm_90a.cubin	7808
softmax.cpp4.ii	1233373
softmax.fatbin	11008
softmax.fatbin.c	30241
softmax.module_id	32
softmax.o	17840
