# Raw Atari-57 scores, 30 random no-op starts, as printed.
# random, human, apex, r2d2, muzero: MuZero arXiv v2 Table S1 (https://arxiv.org/abs/1911.08265).
# a57_human, a57_random, agent57, r2d2_bandit, muzero_in_a57: Agent57 App. H.4 (https://arxiv.org/abs/2003.13350).
game	random	human	apex	r2d2	muzero	a57_human	a57_random	agent57	r2d2_bandit	muzero_in_a57
alien	227.75	7127.80	40805.00	229496.90	741812.63	7127.70	227.80	297638.17	464232.43	741812.63
amidar	5.77	1719.53	8659.00	29321.40	28634.39	1719.50	5.80	29660.08	31331.37	28634.39
assault	222.39	742.00	24559.00	108197.00	143972.03	742.00	222.40	67212.67	110100.04	143972.03
asterix	210.00	8503.33	313305.00	999153.30	998425.00	8503.30	210.00	991384.42	999354.03	998425.00
asteroids	719.10	47388.67	155495.00	357867.70	678558.64	47388.70	719.10	150854.61	431072.45	6785558.64
atlantis	12850.00	29028.13	944498.00	1620764.00	1674767.20	29028.10	12850.00	1528841.76	1660721.85	1674767.20
bank heist	14.20	753.13	1716.00	24235.90	1278.98	753.10	14.20	23071.50	27117.85	1278.98
battle zone	2360.00	37187.50	98895.00	751880.00	848623.00	37187.50	2360.00	934134.88	992600.31	848623.00
beam rider	363.88	16926.53	63305.00	188257.40	454993.53	16926.50	363.90	300509.80	390603.06	4549993.53
berzerk	123.65	2630.42	57197.00	53318.70	85932.60	2630.40	123.70	61507.83	77725.62	85932.60
bowling	23.11	160.73	18.00	219.50	260.13	160.70	23.10	251.18	161.77	260.13
boxing	0.05	12.06	100.00	98.50	100.00	12.10	0.10	100.00	100.00	100.00
breakout	1.72	30.47	801.00	837.70	864.00	30.50	1.70	790.40	863.92	864.00
centipede	2090.87	12017.04	12974.00	599140.30	1159049.27	12017.00	2090.90	412847.86	908137.24	1159049.27
chopper command	811.00	7387.80	721851.00	986652.00	991039.70	7387.80	811.00	999900.00	999900.00	991039.70
crazy climber	10780.50	35829.41	320426.00	366690.70	458315.40	35829.40	10780.50	565909.85	729482.83	458315.40
defender	2874.50	18688.89	411944.00	665792.00	839642.95	18688.90	2874.50	677642.78	730714.53	839642.95
demon attack	152.07	1971.00	133086.00	140002.30	143964.26	1971.00	152.10	143161.44	143913.32	143964.26
double dunk	-18.55	-16.40	24.00	23.70	23.94	-16.40	-18.60	23.93	24.00	23.94
enduro	0.00	860.53	2177.00	2372.70	2382.44	860.50	0.00	2367.71	2378.66	2382.44
fishing derby	-91.71	-38.80	44.00	85.80	91.16	-38.70	-91.70	86.97	90.34	91.16
freeway	0.01	29.60	34.00	32.50	33.03	29.60	0.00	32.59	34.00	33.03
frostbite	65.20	4334.67	9329.00	315456.40	631378.53	4334.70	65.20	541280.88	309077.30	631378.53
gopher	257.60	2412.50	120501.00	124776.30	130345.58	2412.50	257.60	117777.08	129736.13	130345.58
gravitar	173.00	3351.43	1599.00	15680.70	6682.70	3351.40	173.00	19213.96	21068.03	6682.70
hero	1026.97	30826.38	31656.00	39537.10	49244.11	30826.40	1027.00	114736.26	49339.62	49244.11
ice hockey	-11.15	0.88	33.00	79.30	67.04	0.90	-11.20	63.64	86.59	67.04
jamesbond	29.00	302.80	21323.00	25354.00	41063.25	302.80	29.00	135784.96	158142.36	41063.25
kangaroo	52.00	3035.00	1416.00	14130.70	16763.60	3035.00	52.00	24034.16	18284.99	16763.60
krull	1598.05	2665.53	11741.00	218448.10	269358.27	2665.50	1598.00	251997.31	245315.44	269358.27
kung fu master	258.50	22736.25	97830.00	233413.30	204824.00	22736.30	258.50	206845.82	267766.63	204824.00
montezuma revenge	0.00	4753.33	2500.00	2061.30	0.00	4753.30	0.00	9352.01	3000.00	0.00
ms pacman	307.30	6951.60	11255.00	42281.70	243401.10	6951.60	307.30	63994.44	62595.90	243401.10
name this game	2292.35	8049.00	25783.00	58182.70	157177.85	8049.00	2292.30	54386.77	138030.67	157177.85
phoenix	761.40	7242.60	224491.00	864020.00	955137.84	7242.60	761.40	908264.15	990638.12	955137.84
pitfall	-229.44	6463.69	-1.00	0.00	0.00	6463.70	-229.40	18756.01	0.00	0.00
pong	-20.71	14.59	21.00	21.00	21.00	14.60	-20.70	20.67	21.00	21.00
private eye	24.94	69571.27	50.00	5322.70	15299.98	69571.30	24.90	79716.46	40700.00	15299.98
qbert	163.88	13455.00	302391.00	408850.00	72276.00	13455.00	163.90	580328.14	777071.30	72276.00
riverraid	1338.50	17118.00	63864.00	45632.10	323417.18	17118.00	1338.50	63318.67	93569.66	323417.18
road runner	11.50	7845.00	222235.00	599246.70	613411.80	7845.00	11.50	243025.80	593186.78	613411.80
robotank	2.16	11.94	74.00	100.40	131.13	11.90	2.20	127.32	144.00	131.13
seaquest	68.40	42054.71	392952.00	999996.70	999976.52	42054.70	68.40	999997.63	999999.00	999976.52
skiing	-17098.09	-4336.93	-10790.00	-30021.70	-29968.36	-4336.90	-17098.10	-4202.60	-3851.44	-29968.36
solaris	1236.30	12326.67	2893.00	3787.20	56.62	12326.70	1236.30	44199.93	67306.29	56.62
space invaders	148.03	1668.67	54681.00	43223.40	74335.30	1668.70	148.00	48680.86	67898.71	74335.30
star gunner	664.00	10250.00	434343.00	717344.00	549271.70	10250.00	664.00	839573.53	998600.28	549271.70
surround	-9.99	6.53	7.00	9.90	9.99	6.50	-10.00	9.50	10.00	9.99
tennis	-23.84	-8.27	24.00	-0.10	0.00	-8.30	-23.80	23.84	24.00	0.00
time pilot	3568.00	5229.10	87085.00	445377.30	476763.90	5229.20	3568.00	405425.31	460596.49	476763.90
tutankham	11.43	167.59	273.00	395.30	491.48	167.60	11.40	2354.91	483.78	491.48
up n down	533.40	11693.23	401884.00	589226.90	715545.61	11693.20	533.40	623805.73	702700.36	715545.61
venture	0.00	1187.50	1813.00	1970.70	0.40	1187.50	0.00	2623.71	2258.93	0.40
video pinball	0.00	17667.90	565163.00	999383.20	981791.88	17667.90	0.00	992340.74	999645.92	981791.88
wizard of wor	563.50	4756.52	46204.00	144362.70	197126.00	4756.50	563.50	157306.41	183090.81	197126.00
yars revenge	3092.91	54576.93	148595.00	995048.40	553311.46	54576.90	3092.90	998532.37	999807.02	553311.46
zaxxon	32.50	9173.30	42286.00	224910.70	725853.90	9173.30	32.50	249808.90	370649.03	725853.90
