# Source: https://github.com/epoch-research/analyzing-chinchilla/blob/main/data/svg_extracted_data.csv (Besiroglu et al. 2024, points read from the vector graphics of Hoffmann et al. Figure 4); columns kept: model size N, training FLOP C, loss L
N,C,L
6.7956e+09,9.99385e+18,5.00558
2.97952e+09,9.22754e+18,4.66523
2.63863e+09,9.75305e+18,3.76556
2.2828e+09,9.62271e+18,3.79387
2.00667e+09,9.77173e+18,3.44700
1.73054e+09,9.08579e+18,3.39574
2.97952e+09,9.69102e+19,2.62828
2.63863e+09,9.83563e+19,2.58532
2.00667e+09,9.69282e+19,2.57759
1.73054e+09,9.81253e+19,2.56603
1.79381e+09,8.81134e+18,3.40593
1.60908e+09,9.74641e+18,3.28564
1.42923e+09,9.72036e+18,3.18388
1.26559e+09,9.38975e+18,3.13183
1.79381e+09,9.72604e+19,2.57759
1.26559e+09,9.7785e+19,2.55452
1.14325e+09,9.55919e+18,3.09452
1.01796e+09,9.61794e+18,3.07143
8.16341e+08,9.29233e+18,3.04850
6.32224e+08,9.38722e+18,2.99868
5.86598e+08,9.31041e+18,2.98523
5.52482e+08,9.21906e+18,2.98523
4.2461e+08,9.39542e+18,2.96295
1.14325e+09,9.23982e+19,2.55452
1.01796e+09,9.63858e+19,2.54688
8.16342e+08,9.41455e+19,2.56603
6.32224e+08,8.92551e+19,2.56603
5.86598e+08,8.95592e+19,2.58532
5.52482e+08,8.45973e+19,2.57759
4.2461e+08,8.93819e+19,2.59697
5.52482e+08,5.48416e+18,3.18388
4.2461e+08,5.59664e+18,3.12246
1.79381e+09,2.89253e+19,2.83697
1.60908e+09,2.84875e+19,2.82426
1.42923e+09,2.90352e+19,2.80317
1.26559e+09,2.92342e+19,2.76978
1.60908e+09,5.86176e+19,2.65998
1.42923e+09,5.81265e+19,2.65998
1.26559e+09,5.85619e+19,2.64804
3.05636e+08,5.1308e+18,3.07143
2.78352e+08,5.50725e+18,3.07143
2.16725e+08,5.39445e+18,3.08526
1.74943e+08,5.61553e+18,3.04850
1.3974e+08,5.40163e+18,3.05765
1.05812e+08,4.74539e+18,3.09452
7.38247e+07,5.76974e+18,3.09452
5.73342e+07,5.79999e+18,3.16011
7.38247e+07,1.39724e+18,3.40593
1.05812e+08,2.0559e+18,3.30044
8.98182e+07,1.76563e+18,3.32526
1.62766e+08,3.9336e+18,3.10846
1.3974e+08,3.40987e+18,3.13183
1.16714e+08,2.86727e+18,3.19822
1.95834e+08,5.39748e+18,3.04850
2.16725e+08,6.3721e+18,3.02122
1.74943e+08,5.15079e+18,3.04850
2.51069e+08,8.13612e+18,2.97630
3.05636e+08,1.01981e+19,2.91452
2.78352e+08,9.29522e+18,2.94084
1.2569e+10,6.08185e+20,2.52409
1.14325e+09,2.87081e+19,2.75736
1.01796e+09,2.8905e+19,2.74499
8.16342e+08,2.82365e+19,2.76978
6.32224e+08,2.78444e+19,2.73678
5.86599e+08,2.82449e+19,2.73678
5.52482e+08,2.76224e+19,2.74499
1.14325e+09,5.724e+19,2.61650
1.01796e+09,5.36215e+19,2.62828
4.2461e+08,2.67764e+19,2.75736
8.16342e+08,5.58245e+19,2.62828
6.32224e+08,5.75991e+19,2.64012
5.52482e+08,5.34677e+19,2.64012
4.2461e+08,5.66991e+19,2.65998
1.59287e+09,9.27193e+19,2.60867
1.26559e+09,7.46203e+19,2.64804
1.79381e+09,1.19014e+20,2.55452
1.60908e+09,1.06935e+20,2.59697
3.05636e+08,9.0641e+18,2.94966
2.78352e+08,9.15993e+18,2.94084
2.16725e+08,8.99587e+18,2.94966
1.74943e+08,9.3517e+18,2.94084
1.3974e+08,9.07482e+18,2.97630
1.05812e+08,8.70323e+18,2.99868
4.88546e+08,1.68799e+19,2.83697
5.52482e+08,1.93914e+19,2.80317
5.0924e+08,2.06242e+19,2.79061
5.86599e+08,2.40395e+19,2.77809
6.63957e+08,2.73789e+19,2.74499
6.32224e+08,2.78424e+19,2.73678
8.16342e+08,3.68162e+19,2.70417
7.24283e+08,3.2751e+19,2.72451
1.14325e+09,5.20738e+19,2.64012
1.01796e+09,4.72154e+19,2.67196
8.92666e+08,4.38653e+19,2.67196
7.38247e+07,2.8905e+18,3.22227
8.98183e+07,3.51996e+18,3.18388
1.16714e+08,5.44559e+18,3.07143
1.3974e+08,6.83688e+18,3.01219
1.62766e+08,7.99751e+18,2.96295
1.74943e+08,9.9865e+18,2.94084
1.95834e+08,1.15413e+19,2.89277
2.51069e+08,1.57537e+19,2.84549
2.78353e+08,1.82966e+19,2.81159
3.05636e+08,2.0329e+19,2.77809
1.2569e+10,1.01401e+21,2.41677
1.14518e+10,1.01484e+21,2.40593
6.79561e+09,2.9911e+20,2.52409
4.51606e+09,2.98837e+20,2.45693
6.79561e+09,6.02836e+20,2.40593
4.51606e+09,5.62641e+20,2.38798
1.61833e+10,2.92886e+21,2.28645
1.2569e+10,2.97417e+21,2.26598
1.14518e+10,3.0192e+21,2.26598
2.00668e+09,1.95838e+20,2.48655
2.28281e+09,2.24007e+20,2.47540
1.73055e+09,1.70087e+20,2.50525
2.29774e+09,2.40449e+20,2.46430
2.97953e+09,3.26332e+20,2.43494
1.59287e+09,1.70045e+20,2.49401
1.26559e+09,1.4799e+20,2.52409
1.42923e+09,1.68442e+20,2.50525
1.60908e+09,2.12912e+20,2.45693
1.42435e+09,1.89764e+20,2.49401
1.79381e+09,2.39669e+20,2.45693
9.29322e+09,1.01228e+21,2.35953
6.79561e+09,9.28322e+20,2.34192
4.51606e+09,9.94653e+20,2.30364
4.51606e+09,9.8978e+20,2.32096
6.79561e+09,1.57955e+21,2.29331
9.29322e+09,2.44179e+21,2.25921
1.59287e+09,1.85769e+20,2.49401
1.26559e+09,1.48464e+20,2.51653
1.42923e+09,1.68348e+20,2.49401
1.42435e+09,1.7319e+20,2.49401
1.79381e+09,2.28349e+20,2.46430
1.60908e+09,2.14916e+20,2.46430
7.38247e+07,5.26635e+18,3.10846
8.98183e+07,6.82982e+18,3.04850
1.05812e+08,8.30444e+18,2.99868
1.16714e+08,1.07988e+19,2.94966
1.3974e+08,1.37309e+19,2.90580
1.74943e+08,1.91098e+19,2.85831
2.16725e+08,2.39687e+19,2.79061
1.95834e+08,2.24347e+19,2.81159
3.05636e+08,3.74417e+19,2.70417
2.78353e+08,3.57631e+19,2.71229
4.2461e+08,3.09765e+19,2.73678
5.52482e+08,4.1188e+19,2.67997
4.88546e+08,3.64952e+19,2.70417
5.0924e+08,4.08405e+19,2.67997
5.86599e+08,4.72752e+19,2.64804
6.63957e+08,5.47932e+19,2.62828
7.24283e+08,6.29101e+19,2.61650
8.16342e+08,7.37913e+19,2.59697
6.32224e+08,5.71494e+19,2.62828
8.92666e+08,8.34592e+19,2.57759
1.14325e+09,1.12262e+20,2.51653
1.01796e+09,9.99623e+19,2.55452
9.29322e+09,2.87597e+21,2.23899
6.79561e+09,2.87748e+21,2.20569
4.51606e+09,2.98866e+21,2.20569
3.05636e+08,2.71984e+19,2.74499
2.78352e+08,2.53169e+19,2.76978
2.16725e+08,2.53826e+19,2.77809
1.74943e+08,2.80575e+19,2.80317
2.78352e+08,5.24677e+19,2.69205
1.3974e+08,2.67639e+19,2.83697
1.73054e+09,3.23967e+20,2.42766
2.28281e+09,4.48725e+20,2.37727
2.97952e+09,5.91675e+20,2.35953
2.97952e+09,5.58795e+20,2.35953
2.00667e+09,5.87014e+20,2.33142
2.00667e+09,3.93487e+20,2.39873
2.29774e+09,4.72231e+20,2.37015
2.63863e+09,5.80042e+20,2.34894
2.97952e+09,2.93363e+20,2.43494
2.28281e+09,2.75097e+20,2.41677
2.00667e+09,2.93018e+20,2.39873
4.51606e+09,1.98655e+21,2.24908
6.79561e+09,3.22089e+21,2.20569
1.26559e+09,2.87483e+20,2.43494
1.42923e+09,3.36726e+20,2.41677
1.79381e+09,4.71741e+20,2.37727
1.60908e+09,4.30044e+20,2.38798
1.42435e+09,3.80767e+20,2.40593
9.29322e+09,5.03132e+21,2.17941
4.2461e+08,5.91372e+19,2.64012
4.88546e+08,7.02241e+19,2.61650
5.52482e+08,8.25375e+19,2.58532
5.86599e+08,8.77523e+19,2.57759
8.16342e+08,1.36102e+20,2.50525
6.32225e+08,1.09305e+20,2.54688
7.24284e+08,1.26794e+20,2.52409
8.92667e+08,1.75229e+20,2.48655
1.01796e+09,1.99934e+20,2.45693
1.14325e+09,2.24767e+20,2.44591
7.38247e+07,1.1154e+19,3.04850
1.3974e+08,2.47712e+19,2.83697
1.62766e+08,3.19986e+19,2.79061
1.95834e+08,4.44317e+19,2.74499
1.74943e+08,4.05938e+19,2.76978
2.16726e+08,5.11292e+19,2.70417
2.78353e+08,6.82972e+19,2.65998
2.51069e+08,6.47529e+19,2.67997
3.05636e+08,8.0317e+19,2.64012
1.79381e+09,2.78084e+20,2.42766
1.42924e+09,2.85459e+20,2.40593
2.97953e+09,9.64784e+20,2.30364
2.63864e+09,9.76866e+20,2.28645
2.28281e+09,9.72921e+20,2.29331
2.00668e+09,9.78593e+20,2.30364
1.73055e+09,9.84563e+20,2.30364
1.79381e+09,5.83768e+20,2.34894
1.42924e+09,5.76478e+20,2.35953
1.73055e+09,6.57236e+20,2.34894
2.28281e+09,8.80873e+20,2.31401
2.97953e+09,1.29346e+21,2.27619
1.2656e+09,5.53236e+20,2.37015
1.59288e+09,7.40867e+20,2.33142
1.60908e+09,8.55333e+20,2.32096
1.79381e+09,9.58947e+20,2.30364
1.14325e+09,5.473e+20,2.37015
8.16343e+08,5.49715e+20,2.39873
6.32225e+08,5.44578e+20,2.44591
1.14325e+09,2.78714e+20,2.43494
8.16343e+08,2.80917e+20,2.43494
5.86599e+08,2.70396e+20,2.46430
4.24611e+08,2.8378e+20,2.51653
2.97953e+09,2.94512e+21,2.21231
2.63864e+09,2.9558e+21,2.20569
1.79381e+09,9.52795e+20,2.30364
1.60908e+09,9.77457e+20,2.31401
1.42924e+09,9.6372e+20,2.33142
1.2656e+09,9.73962e+20,2.33142
4.88547e+08,1.38155e+20,2.55452
5.86599e+08,1.83019e+20,2.50525
6.63958e+08,2.19216e+20,2.47540
1.14325e+09,4.08343e+20,2.38798
8.16343e+08,2.95304e+20,2.44591
2.00668e+09,1.49915e+21,2.26598
1.73055e+09,1.29664e+21,2.28645
2.28281e+09,1.79504e+21,2.24908
2.63864e+09,2.30812e+21,2.22228
2.97953e+09,2.62101e+21,2.21231
6.79561e+09,1.2956e+22,2.07739
